title,handle,street,suburb,city,province,country,zip,phone,website,instagram_handle,tags,group,place_id,lat,long
Coffee Supreme Gibbon Street,gibbon-street,3c Gibbon St,Woolloongabba,Brisbane,,AUSTRALIA,4102,1800 232 671,https://www.coffeesupreme.com/,coffee_supreme_bne,"cafe,stockist",Australia,ChIJ4YBz0RRakWsREPnjwxmN24I,-27.487215,153.035188
Coffee Supreme Abbotsford,abbotsford,28-35 Grosvenor Street,Abbotsford,Melbourne,,AUSTRALIA,,1801 232 671,https://www.coffeesupreme.com/,theabbotsfordclub,"cafe,stockist",Australia,ChIJLbC7N1VC1moRsxcEIQwt5DE,-37.808845,145.007067
Coffee Supreme Welles Street,welles-street,10 Welles Street,Christchurch Central,Christchurch,,NZ,8011,03 365 0445,https://www.coffeesupreme.com/,coffee_supreme_chch,"cafe,stockist",New Zealand,ChIJLY3LgReKMW0RQxyFuvo0lRw,-43.536791,172.637672
Coffee Supreme Customs,customs,39 Ghuznee Street,Te Aro,Wellington,,NZ,6011,04 385 2129,https://www.coffeesupreme.com/,customsbrews,"cafe,stockist",New Zealand,ChIJLXv2zdmvOG0R6kwX9B7jFsQ,-41.293558,174.776247
Coffee Supreme Midland Park,midland-park,31 Waring Taylor Street,Wellington CBD,Wellington,,NZ,6011,0800 472 518,https://www.coffeesupreme.com/,coffee_supreme,stockist,new Zealand,ChIJ22_3OiuuOG0RC1kCDZpg0fg,-41.281994,174.777093
Coffee Supreme Hopper Street,coffee-supreme-hopper,35 Hopper Street,Mt Cook,Wellington,,NZ,6011,0800 937 627,https://coffeesupreme.com/,coffee_supreme,stockist,New Zealand,ChIJhSaVZN-vOG0R3AzA3-xML_Y,-41.2993949,174.7739738
Alley Katz,alley-katz,358 Hibiscus Coast Highway,Orewa,Orewa,,NZ,0931,09 426 0548,https://www.facebook.com/AlleykatzCafeCatering/,,cafe,New Zealand,ChIJYarGLQQkDW0RjyPhtlSQ5y8,-36.5857801,174.6955277
Ash's Kitchen,ash-s-kitchen,"Level 15, 180 Molesworth Street",Wellington,Wellington,,NZ,6011,04-474 9499,https://www.facebook.com/pages/category/Restaurant/Ashs-Kitchen-1522209231365723/,,cafe,New Zealand,EkJMZXZlbCAxNS8xODAgTW9sZXN3b3J0aCBTdCwgVGhvcm5kb24sIFdlbGxpbmd0b24gNjAxMSwgTmV3IFplYWxhbmQiJBoiChYKFAoSCZMx864orjhtETP3p_1DnSCCEghMZXZlbCAxNQ,-41.2734527,174.7781431
Baker Gramercy,baker-gramercy,470 Adelaide Road,Wellington,Wellington,,NZ,6023,04 389 5272,http://www.gramercy.co.nz/,bakergramercy,cafe,New Zealand,ChIJv9zTTP6vOG0RSw8QWfZ_gIU,-41.3204001,174.7751004
Barretta Espresso,barretta-espresso,"7/59 Pitt Street,Beresford Square",Auckland,Auckland,,NZ,1010,09 309 2365,https://www.facebook.com/barrettaespresso/,,cafe,New Zealand,ChIJE33ZbelHDW0RInoJ7AKwMYA,-36.8568419,174.758669
Beach House and Kiosk,beach-house-and-kiosk,410 The Esplanade,Wellington,Wellington,,NZ,6023,04 383 5108,http://www.beachhouseandkiosk.co.nz/,beachhouseandkiosk,cafe,New Zealand,ChIJRfGIUs-6OG0RTkI5-HHWgBk,-41.3475436,174.7634965
Barbarino's,barbarinos,1790A Great North Road,Avondale,Auckland,,NZ,1026,,http://www.barbarinos.co.nz/,https://www.instagram.com/barbarinos_spaghetteria/,cafe,New Zealand,ChIJUUL2U5VHDW0RGLyIGOhviCM,-36.891593,174.696688
Big Sur,big-sur,432 Richmond Road,Auckland,Auckland,,NZ,1021,09 361 6196,https://www.bigsur-greylynn.co.nz/,,cafe,New Zealand,ChIJHcMrTnVHDW0RiczRI5NUSUk,-36.8585972,174.7308886
Billy Cafe,billy-cafe,79 Carlton Gore Road,Auckland,Auckland,,NZ,1023,09 302 0995,http://billycafe.co.nz/,billy_cafe,cafe,New Zealand,ChIJ7WENb99HDW0RFonG13DrBFU,-36.864932,174.7728886
Bluebells Cakery - Hillsborough,bluebells-cakery-hillsborough,161A Hillsborough Road,Auckland,Auckland,,NZ,1042,09 624 0952,https://bluebellscakery.com/,bluebellscakery,cafe,New Zealand,ChIJKS3N_wtGDW0RrIIU_Z7JVuA,-36.9194469,174.7578012
Bluebells Cakery - Kingsland,bluebells-cakery-kingsland,361 New North Road,Auckland,Auckland,,NZ,1021,09 377 3429,http://bluebellscakery.com/,bluebellscakery,cafe,New Zealand,ChIJvSn0icFHDW0RfScaswUI8o4,-36.8692886,174.7491735
Bohemein Fresh Chocolates,bohemein-fresh-chocolates,109 Featherston Street,Wellington,Wellington,,NZ,6011,09 499 79 13,http://www.bohemein.co.nz/,,cafe,New Zealand,ChIJ13eqRSuuOG0RQaJ1Sl5QW50,-41.2822349,174.7777367
Brown Sugar Cafe,brown-sugar-cafe,1 Huia Street,TAIHAPE,TAIHAPE,,NZ,4720,06 388 1880,https://www.facebook.com/brownsugarcafetaihape/,,cafe,New Zealand,ChIJWQ3SaCNvam0RToJp4NOu0PA,-39.6769376,175.797619
Bucklands,bucklands,83B Hattaway Avenue,Auckland,Auckland,,NZ,2012,09 533 7810,,,cafe,New Zealand,ChIJxS8UXvNKDW0ROpTnDZYPP3A,-36.8681156,174.9040449
Bus Stop,bus-stop,55 Sims Road,Te Horo,Te Horo,,NZ,5581,021 650 636,https://www.facebook.com/pages/Bus-Stop-Caf%C3%A9/1923797187907035,,cafe,New Zealand,ChIJmxwO2u2ZQG0RNA2LuggrBME,-40.7856355,175.0904848
Cafe Breton,cafe-breton,20 Brandon Street,Wellington,Wellington,,NZ,6011,04 473 6576,http://www.cafebreton.co.nz/,cafebreton,cafe,New Zealand,ChIJp6dxztSvOG0Rrd-BnmJTJi4,-41.2833002,174.7767039
Cafe Flows,cafe-flows,40 Mercer St,Wellington CBD,Wellington,,NZ,6011,021 203 1362,,,cafe,New Zealand,ChIJ96T-si-vOG0R9XxpmN82RpE,-41.288024,174.775969
Cafe Mirabelle,cafe-mirabelle,31 High Street North,Carterton,Carterton,,NZ,5713,06 379 7247,https://www.facebook.com/pages/category/French-Restaurant/Cafe-Mirabelle-Carterton-294866593966356/,,cafe,New Zealand,ChIJaT_OYfrZQG0RJgcW5e6wI-k,-41.0244702,175.5277037
Cafe Neo,cafe-neo,132 Willis Street,Wellington,Wellington,,NZ,6011,04 385 9553,http://www.neocafe.co.nz/,cafe_neo,"cafe,stockist",New Zealand,ChIJQ3tQOdavOG0RBjkD4TvxiAc,-41.2894575,174.7743433
Cafe Terra Viva,cafe-terra-viva,196 Roydvale Avenue,Christchurch,Christchurch,,NZ,8053,03 358 5565,http://cafe.terraviva.nz/,terravivacafe,cafe,New Zealand,ChIJ99yvjzWLMW0RUe3qKNqdRNw,-43.4920742,172.5653857
Cafe Villa,cafe-villa,61 Ottawa Road,Wellington,Wellington,,NZ,6035,479 5707,http://www.cafewellington.co.nz/,,cafe,New Zealand,ChIJY96fHgKuOG0Rf_SxbumLQn4,-41.2480253,174.7743123
Cahoots Cafe,cahoots-cafe,97 Main Street,Greytown,Greytown,,NZ,5712,06 304 8480,,,cafe,New Zealand,ChIJ4RN8nbfRQG0Rf2ydz59dwbQ,-41.0803794,175.4607472
Castle Rock,castle-rock,21 Mary Muller Drive,Christchurch,Christchurch,,NZ,8022,03 384 5263,https://www.facebook.com/Castlerockcafechch/,castlerockcafechch,cafe,New Zealand,ChIJdRvt6HcnMm0RId0QxkjA_dI,-43.5679175,172.6908081
Charlie Boys Coffee Bar,charlie-boys-coffee-bar,167 Great North Road,Auckland,Auckland,,NZ,1021,09 376 4585,,,"cafe,stockist",New Zealand,ChIJSyvBjb5HDW0RriCtLtq7eIE,-36.8630994,174.7482755
Chocolate Fish Kaimoana,chocolate-fish-kaimoana,100 Shelly Bay Road,Wellington,Wellington,,NZ,6022,04 388 2808,http://www.chocolatefishcafe.co.nz/,,cafe,New Zealand,ChIJq99f4BavOG0RKlRarD_lgqU,-41.293734,174.8224462
Chocolate Frog,chocolate-frog,71 Miramar Avenue,Wellington,Wellington,,NZ,6022,04 388 8233,https://www.facebook.com/Chocolate-Frog-Cafe-1386902858225317/?ref=page_internal,,cafe,New Zealand,ChIJ9UqZSXivOG0RjO-lJWlLFgs,-41.3162055,174.8172943
Coco Coffee Bar,coco-coffee-bar,661 Pollen Street,Thames,Thames,,NZ,3500,07 8688616,https://www.facebook.com/Coco-Coffee-Bar-314841048721261/,,"cafe,stockist",New Zealand,ChIJI-E61zeBcm0RaNweSUrTqsk,-37.1365345,175.5408934
Coghill House Cafe,coghill-house-cafe,10 Coghill Street,Whitianga,Whitianga,,NZ,3510,07 866 0592,https://www.facebook.com/cafecoghillhouse/,cafecoghillhouse,cafe,New Zealand,ChIJq7K0lMpdcm0RFazaguryH0s,-36.8353638,175.7038545
Cucina,cucina,1 Tees st,South Hill,Oamaru,,NZ,9400,03-434 5696,https://www.cucinaoamaru.co.nz/,cucina_oamaru,cafe,New Zealand,ChIJPwn03M-ZKagRZIQ8THdgjF8,-45.078967,171.001415
Crave Cafe,crave-cafe,6 Morningside Drive,Auckland,Auckland,,NZ,1025,09-845 4714,http://cravecafe.co.nz/,cafecrave,"cafe,stockist",New Zealand,ChIJRaM5q65HDW0RYJIJV2BwOqM,-36.8754861,174.7363365
Crawford Road Kitchen,crawford-road-kitchen,"3/50 Esplanade, Inner Harbour",Gisborne,Gisborne,,NZ,4010,06 867 4085,http://crawfordroadkitchen.co.nz/,crawfordroadkitchen,cafe,New Zealand,ChIJMXBqRjZ4Zm0R1-KJShv53ig,-38.6712314,178.0296824
Creel Tackle House &amp; Cafe,creel-tackle-house-cafe,189 Taupahi Road,Turangi,Turangi,,NZ,3334,07 386 7929,http://www.creeltackle.com/,creeltackle,cafe,New Zealand,ChIJo4966X28a20Rg09cUDQuCIA,-38.9934077,175.8132571
Cuckoo Cocktail Emporium,cuckoo-cocktail-emporium,57 Customhouse Quay,Wellington,Wellington,,NZ,6011,04 473 3725,http://www.cuckoococktailemporium.co.nz/,cuckoococktailemporium,cafe,New Zealand,ChIJe-H4p9SvOG0Rog-6JZEDjC4,-41.2836154,174.7787384
Daily Daily,daily-daily,452 Karangahape Road,Auckland Central,Auckland Central,,NZ,1010,,https://www.facebook.com/dailydailycoffeemakers/,dailydailycoffee,cafe,New Zealand,ChIJOXIwX-pHDW0RFSAzLco51ww,-36.8585178,174.7551754
Dangerous Kitchen,dangerous-kitchen,46A Commercial Street,Takaka,Takaka,,NZ,7110,03 525 8686,http://www.dangerouskitchen.co.nz/,thedangerouskitchen.takaka,cafe,New Zealand,ChIJOatQ7iaPPG0RgE-Wch_jf_g,-40.8589264,172.8066824
Demi - Urgos,demi-urgos,865 Victoria Street,Hamilton,Hamilton,,NZ,3204,021 975 947,http://www.demiurgos.co.nz/,demiurgoshamilton,"cafe,stockist",New Zealand,ChIJrbbKeaEYbW0RMXVHGgtX_8s,-37.7808989,175.276917
Dispense Espresso,dispense-espresso,1005 Ferry Road,Christchurch,Christchurch,,NZ,8023,027 344 7992,https://www.facebook.com/DispenseEspresso/,dispense_espresso,cafe,New Zealand,ChIJIzW6FCiIMW0RNpJNIh_HELo,-43.5568743,172.7012678
Eat Corner,eat-corner,128 Wakefield Street,Te Aro,Wellington,,NZ,6011,04-499-5523,https://eat.net.nz/,,cafe,New Zealand,ChIJVYgM3davOG0RG6__7xnHtPU,-41.29003,174.777444
Ellis Cakes,ellis-cakes-limited,1 Bunny Street,Wellington,Wellington,,NZ,,027 728 7460,,,cafe,New Zealand,ChIJoUXdXSyuOG0RlqZNk4UEeT0,-41.278675,174.780138
Emperor's New Clothes,emperor-s-new-clothes,95B Dyers Pass Road,Christchurch,Christchurch,,NZ,6143,027 769 5888,https://www.facebook.com/Emperors-New-Clothes-Cafe-119541587341/,,"cafe,stockist",New Zealand,ChIJC6PZY8EgMm0RUg356JUHqpU,-43.5771792,172.6304343
Entice Cafe &amp; Catering,entice-cafe-catering,6 Dixon Street,Masterton,Masterton,,NZ,5810,06 377 3166,http://www.entice.co.nz/,,"cafe,stockist",New Zealand,ChIJXaC6EkghQW0RV-tUhYPa0AQ,-40.948521,175.665557
Espresso Room,espresso-room,9D Factory Road,Waimauku,Waimauku,,NZ,6011,09 411 7910,,,cafe,New Zealand,Eig5IEZhY3RvcnkgUmQsIFdhaW1hdWt1IDA4MTIsIE5ldyBaZWFsYW5kIhoSGAoUChIJVaUDDrkTDW0REilzacg0RkcQCQ,-36.7665571,174.4950247
Farro Fresh - Constellation Drive,farro-fresh-constellation-drive,"70 Parkway Drive, Mairangi Bay",Auckland,Auckland,,NZ,,09 478 0020 (1),http://www.farrofresh.co.nz/,farrofresh,stockist,New Zealand,ChIJsVyLdNU7DW0R4XeOUcpbFj4,-36.7504188,174.7289946
Farro Fresh - Epsom,farro-fresh-epsom,446 Manukau Road,Auckland,Auckland,,NZ,,09 360 0499,http://www.farrofresh.co.nz/,farrofresh,stockist,New Zealand,ChIJuW1FN51IDW0R2tk-9HvXTvc,-36.8937781,174.7745863
Farro Fresh - Grey Lynn,farro-fresh-grey-lynn,34 Westmoreland Street,Auckland,Auckland,,NZ,,09 360 0499,http://www.farrofresh.co.nz/,farrofresh,stockist,New Zealand,ChIJ_4tuR55HDW0RyUQDqzhZYKU,-36.8555972,174.7329196
Farro Fresh - Lunn Avenue,farro-fresh-lunn-avenue,80 Lunn Avenue,Auckland,Auckland,,NZ,,09 570 7071 (26714),http://www.farro.co.nz/,farrofresh,stockist,New Zealand,ChIJJ0_rhgxJDW0Rni9BXw3_ovw,-36.8908441,174.8335747
Farro Fresh - Orakei,farro-fresh-orakei,228 Orakei Road,Auckland,Auckland,,NZ,,09 360 0499,http://www.farro.co.nz/,farrofresh,stockist,New Zealand,ChIJvz1GHUpIDW0RiNPH3YJkSnM,-36.86328,174.8101879
Federal Delicatessen,federal-delicatessen,88 Federal Street,Auckland,Auckland,,NZ,6011,09 363 7184,http://www.thefed.co.nz/,federaldelicatessen,cafe,New Zealand,ChIJIzdHD_BHDW0RAyBa8UqGa84,-36.8490283,174.7626758
Figaro's,figaro-s,8 Scott Street,Blenheim,Blenheim,,NZ,6011,03 577 7277,https://www.facebook.com/Figaros-Cafe-185977604771496/,,cafe,New Zealand,ChIJobJtppkUOW0Rus5GHPma91w,-41.5147077,173.9566609
Floriditas,floriditas,161-163 Cuba Street,Wellington,Wellington,,NZ,6140,381 2212,http://www.floriditas.co.nz/,floriditas?hl=en,cafe,New Zealand,ChIJ5yq0NtivOG0R2PHu2xKDRZg,-41.2938737,174.7755452
Floyd's,floyd-s,130A The Parade,Wellington,Wellington,,NZ,6140,04 383 7872,,,"cafe,stockist",New Zealand,ChIJ13-CtbK6OG0RbW1lSfuZW3A,-41.3340562,174.7731688
Fluid Espresso,fluid-espresso,138 UNION STREET,Dunedin,Dunedin,,NZ,6140,03-474 0464,,fluid.espresso?hl=en,"cafe,stockist",New Zealand,ChIJn1z1u2msLqgR9R4fafR40dI,-45.8664017,170.517757
Foxtrot Parlour,foxtrot-parlour,2 Richmond Road,Auckland,Auckland,,NZ,1010,09 378 7268,,,cafe,New Zealand,ChIJbfK6jZZHDW0R6eNBOsL1H3I,-36.8567992,174.7464628
Frank and Albie's - Gladstone Road,frank-and-albie-s-gladstone-road,24 Gladstone Road,Gisborne,Gisborne,,NZ,1010,06 867 7847,http://frankandalbie.co.nz/,frankandalbie?hl=en,cafe,New Zealand,ChIJuYyo4zl4Zm0Rit7YYN70OYU,-38.6676636,178.0273011
Garth Eddy,garth-eddy,7 Ngauranga Gorge Road,Wellington,Wellington,,NZ,,04 499 1603,,,cafe,New Zealand,ChIJmZkbOdWtOG0RcCLGxs76boY,-41.2429543,174.8143174
Garth Eddy,garth-eddy,44 Tacey Street,Kilbernie,Wellington,,NZ,6022,,,,cafe,New Zealand,ChIJc_ImdY6vOG0RJ6jCvr7Ucus,-41.315276,174.799662
Gipps St Deli,gipps-st-deli,4 Gipps Street,Wellington,Wellington,,NZ,5040,04 476 4741,http://gippsstdeli.squarespace.com/,gippsstreetdeli?hl=en,"cafe,stockist",New Zealand,ChIJqwZwsE6wOG0RZp2K63Nabyo,-41.2873373,174.7466126
Gipsy Kitchen,gipsy-kitchen,4 Glamis Avenue,Wellington,Wellington,,NZ,5040,04 388 4455,https://m.facebook.com/Gipsy-Kitchen-166251323428395/,,cafe,New Zealand,ChIJu0_d9X2vOG0RcselUPvJ1SM,-41.3247416,174.821355
Gipsy Kitchen,gipsy-kitchen,Left Bank Mall,Te Aro,Wellington,,NZ,6011,5 388 4455,https://m.facebook.com/Gipsy-Kitchen-166251323428395/,,Cafe,New Zealand,Ei9MZWZ0IEJhbmssIFRlIEFybywgV2VsbGluZ3RvbiA2MDExLCBOZXcgWmVhbGFuZCIuKiwKFAoSCbWgLoLXrzhtESnOpb_7NvQnEhQKEgltfAvq2a84bRGgMKNDYe8ABQ,-41.292678,174.775923
Good Day,good-day,3/78 Coates Ave,Auckland,Auckland,,NZ,6011,09 529 5048,https://www.facebook.com/gooddayorakei/,good_day_cafe,"cafe,stockist",New Zealand,EjMzLzc4IENvYXRlcyBBdmUsIE9yYWtlaSwgQXVja2xhbmQgMTA3MSwgTmV3IFplYWxhbmQiHRobChYKFAoSCd909kozSA1tEWY3glA8Da4pEgEz,-36.8561699,174.8149205
Grey St Kitchen,grey-st-kitchen,355 Grey Street,Hamilton,Hamilton,,NZ,6146,07 959 1854,https://www.facebook.com/greystkitchen/,greystkitchen?hl=en,"cafe,stockist",New Zealand,ChIJ1_5Q4ckYbW0RuYburEZYoDE,-37.7935724,175.2932302
Ground Floor,ground-floor,47 Riccarton Road,Christchurch,Christchurch,,NZ,6146,03 343 0048,https://www.facebook.com/groundfloorcafeGFC/,ground_floor_cafe,cafe,New Zealand,ChIJcW3oGF-KMW0RH1gt8wYsIH4,-43.5293714,172.6073924
Hero,hero,66 New North Road,Auckland,Auckland,,NZ,,021 183 6849,https://www.herosandwich.co.nz,herosandwichhouse?hl=en,cafe,New Zealand,ChIJaxfLBcRHDW0RKwgzgPjd6Hk,-36.8660579,174.7581655
Hemi,hemi,"Unit 1, Victoria Park Markets",Auckland CBD,Auckland,,NZ,,(09) 366 4760,https://hemieatery.com/,hemi_eatery,cafe,New Zealand,ChIJOSB5kfJHDW0RfB_dmo5TQY4,-36.847922,174.753724
Black Doris,black-doris,10 Waterloo Quay,Pipitea,Wellington,,NZ,6011,04-471 2766,https://www.blackdoris.nz/,blackdorisfood,cafe,New Zealand,ChIJJ_F5ZcWvOG0RQaTXTQkW0uE,-41.281344,174.780139
Honey Bones,honey-bones,480 Richmond Road,Auckland,Auckland,,NZ,8011,N/A,http://www.honeybones.co.nz/,Follow,cafe,New Zealand,ChIJ1fjFAqBHDW0ReFZowKaF_AQ,-36.8592451,174.7321678
Hummingbird,hummingbird,22 Courtenay Place,Wellington,Wellington,,NZ,8011,801 6336,http://www.hummingbird.net.nz/,,cafe,New Zealand,ChIJtaaSo9qvOG0RZujTkU-ltcU,-41.293725,174.782793
Jo's Pies,jo-s-pies,28 Cleveland Street,Wellington,Wellington,,NZ,,04 384 4934,https://www.facebook.com/Jos-Place-649718925080699/,,cafe,New Zealand,ChIJ9T1bUxiwOG0RaW6Uj2xhgRg,-41.3048659,174.7651397
Johnny Feedback,johnny-feedback,61 Pitt Street,Auckland,Auckland,,NZ,,021 056 0209,https://m.facebook.com/johnnyfeedbackyeah/,,"cafe,stockist",New Zealand,ChIJBfiJdOlHDW0R7BcRNUmM544,-36.8573596,174.7588146
Kai Whakapai,kai-whakapai,Cnr Ardmore &amp; Helwick Streets,Wanaka,Wanaka,,NZ,,03 443 7795,https://www.facebook.com/pages/Kai-Whaka-Pai/167375443287638,,"cafe,stockist",New Zealand,ChIJl7LoUEVP1akRiaJvEJ3ddyA,-44.694893,169.1346373
Le Marche Cafe,le-marche-cafe,"Woolstore Level 1,262 Thorndon Quay",Wellington,Wellington,,NZ,,04 499 1834,http://www.lemarche.co.nz/,lemarchefrancais,cafe,New Zealand,ChIJY0engy-uOG0RIHIKBMIon9g,-41.2688743,174.7810898
Legato Espresso Cafe,legato-espresso-cafe,"1 Willeston Street, Axon House",Wellington,Wellington,,NZ,,473 7979,,,cafe,New Zealand,ChIJFdIODtSvOG0Rze1su1zOlpE,-41.287143,174.777954
Licorice,licorice,57 State Highway 1 RD2,Taupo,Taupo,,NZ,,07 386 5551,https://www.facebook.com/pages/Licorice-Cafe/1915129031874947,,cafe,New Zealand,ChIJ_9k3Fz--a20RwJLJhxOlR8g,-38.9339098,175.8726433
Light House Cuba,light-house-cuba,29 Wigan Street,Wellington,Wellington,,NZ,,04 385 3337,http://www.lighthousecinema.co.nz/,,cafe,New Zealand,ChIJQQGJ79ivOG0R3zKMN9ZpsI0,-41.2961999,174.7752245
Light House Petone,light-house-petone,52 Beach Street,Petone,Lower Hutt,,NZ,,04 939 2061 (0),http://www.lighthousecinema.co.nz/,,cafe,New Zealand,ChIJRQJMvL-rOG0RaZ4zE8CyJKQ,-41.225856,174.880333
Little Long,little-long,43 Spring Street,Tauranga,Tauranga,,NZ,,022 541 1220,https://www.facebook.com/pages/Little-Long/671672859629982,,"cafe,stockist",New Zealand,ChIJo4ejld3bbW0Rd6p0O8oLWZc,-37.6842156,176.1686309
Loretta,loretta,"181 Cuba Street,",Wellington,Wellington,,NZ,,04 384 2213,http://www.loretta.net.nz/,lorettaoncuba,cafe,New Zealand,ChIJ7ZGcSNivOG0RCswCQ6nXUYg,-41.2943088,174.775178
Luca,luca,90 Maunganui Road,Tauranga,Tauranga,,NZ,,07 575 0780,https://lucacoffeeshop.com/,http:instagram.comlucacoffeeshop,"cafe,stockist",New Zealand,ChIJrR67cJnebW0RZyEiCY36zQM,-37.6363373,176.1824083
Machete Coffee,machete-coffee,9 Boulcott Street,Wellington,Wellington,,NZ,,022 643 2234,http://www.machetecoffee.co.nz/,machetecoffee?hl=en,"cafe,stockist",New Zealand,ChIJZf41FNavOG0RHer4AUZXlz0,-41.2892325,174.7741328
Mapua Village Bakery,mapua-village-bakery,66 Aranui Road,Mapua,Mapua,,NZ,,03 540 3656,http://www.mapuavillagebakery.co.nz/,mapuavillagebakery,cafe,New Zealand,ChIJM2bPnhSQO20RhLu_Ruh0VEA,-41.2530572,173.0956489
Me &amp; You,me-you,48 First Avenue,Tauranga,Tauranga,,NZ,,07 577 0567,,,"cafe,stockist",New Zealand,ChIJheAOhtvbbW0RP5uFdPgBQkk,-37.6885919,176.1681314
Miann - Britomart,miann-britomart,37 Galway Street,Auckland,Auckland,,NZ,5010,021 2048250,http://www.miann.co.nz/,miann_britomart?hl=en,cafe,New Zealand,ChIJVe5XH_xHDW0R4WWmIZACc0w,-36.8450162,174.7692969
Miann - Fort Street,miann-fort-street,57 Fort Street Ground Level,Auckland,Auckland,,NZ,5010,021 261 8172,http://www.miann.co.nz/,miann_fortstreet?hl=en,cafe,New Zealand,ChIJSeymbvxHDW0R-sg0IfFX21s,-36.8463576,174.7690367
Mister D Dining,mister-d-dining,47 Tennyson Street,Napier,Napier,,NZ,5010,06 835 5022,http://www.misterd.co.nz/,misterddining?hl=en,cafe,New Zealand,ChIJ6WlL1dhMaG0R4fcWXsN_8yw,-39.489471,176.9173173
Moore Wilson's Masterton,moore-wilsons-masterton,"120 Dixon Street, Masterton",Wellington,Wellington,,NZ,5810,06 377 5194,http://www.moorewilsons.co.nz/,moorewilsons,"cafe,stockist",New Zealand,ChIJ95ZWwTMhQW0RNmeKbrPH0Aw,-40.953611,175.657606
Moore Wilson's Porirua,moore-wilsons-porirua,65-69 Kenepuru Drive,Porirua,Porirua,,NZ,5010,04 237 8320,http://www.moorewilsons.co.nz/,moorewilsons,"cafe,stockist",New Zealand,ChIJCzoyvkBTP20REMYKCkaXamE,-41.1491418,174.8370633
Moore Wilson's Wellington,moore-wilsons-wellington,24 College Street,Wellington,Wellington,,NZ,6011,384 9906,http://www.moorewilsons.co.nz/,moorewilsons,"cafe,stockist",New Zealand,ChIJQ80MTNqvOG0R7pRqmIy6YLI,-41.295909,174.780179
Mottletop,mottletop,Shop 1293 - 297 Great South Road,Auckland,Auckland,,NZ,6011,09 296 6941,https://www.facebook.com/mottletop/,,"cafe,stockist",New Zealand,EkJTaG9wIDEyOTMvMjk3IEdyZWF0IFNvdXRoIFJkLCBQYXBha3VyYSwgQXVja2xhbmQgMjExMCwgTmV3IFplYWxhbmQiJRojChYKFAoSCU2lZ2rUrHJtEefBPHgL_-QqEglTaG9wIDEyOTM,-37.0653355,174.943839
Muirs Bookshop and Cafe,muirs-bookshop-and-cafe,62 Gladstone Road,Gisbourne,Gisbourne,,NZ,5010,06 867 9742,https://www.muirsbookshop.co.nz/,,stockist,New Zealand,ChIJ0yUKHTp4Zm0Ru3ydw220UeA,-38.6670371,178.0264315
New York Grill,new-york-grill,Westfield Mall,Newmarket,Auckland,,NZ,,09 215 8971,https://www.newyorkgrill.co.nz/,https://www.instagram.com/newyorkgrillnz,cafe,New Zealand,ChIJV_r0HKdJDW0R4bCUtAJCIbY,-36.871799,174.776427
Oaken,oaken,538a Great King Street,Dunedin,Dunedin,,NZ,5010,03 2607053,https://oaken-cafe.business.site/,oakenotepoti,cafe,New Zealand,ChIJIf7VhW-sLqgRej_1nxD9fkE,-45.8632811,170.5112005
Olaf's Artisan Bakery &amp; Cafe,olaf-s-artisan-bakery-cafe,1 Stokes Road,Auckland,Auckland,,NZ,5010,09 638 7593,http://olafs.co.nz/,olafsartisanbakeryandcafe?hl=en,"cafe,stockist",New Zealand,ChIJo_59U81HDW0RNjBPIxM4INA,-36.8817575,174.7625667
On Site Coffee,on-site-coffee,64C Miro St,Taupo,Taupo,,NZ,5010,022 343 2944,https://www.facebook.com/onsitecoffeetaupo/,,cafe,New Zealand,ChIJ8bSegBL6a20RYyqQY8kBrBY,-38.6871183,176.1053702
Onehunga Cafe,onehunga-cafe,259 Onehunga Mall,Auckland,Auckland,,NZ,5010,09 636 0371,http://www.onehungacafe.co.nz/,onehungacafe?hl=en,cafe,New Zealand,ChIJa5DgI7JIDW0RRqO4R6FJqAE,-36.9208505,174.7852976
Orphans Kitchen,orphans-kitchen,118 Ponsonby Road,Auckland,Auckland,,NZ,5010,09 378 7979,http://orphanskitchen.co.nz/,orphanskitchen?hl=en,"cafe,stockist",New Zealand,ChIJ2ZQM05VHDW0RY1aAhR3IP7Q,-36.8572814,174.7476397
Ostro Brasserie &amp; Bar,ostro-brasserie-bar,"Level 2 Seafarers Building, 52 Tyler Street",Auckland,Auckland,,NZ,5010,09 302 9888,http://seafarers.co.nz/,,cafe,New Zealand,ChIJaXZopP5HDW0Rk-V_XtMbHOU,-36.8443658,174.769958
Pandoro - Allen Street,pandoro-allen-street,2 Allen Street,Wellington,Wellington,,NZ,5010,04 385 4478,http://www.pandorowellington.co.nz/,pandorowellington,cafe,New Zealand,ChIJy7UKe9atOG0RML0snByEXK4,-41.2926461,174.782447
Pandoro - Willis St,pandoro-willis-st,89 Willis St,Wellington,Wellington,,NZ,5010,04 473 42 30,http://www.pandoro.co.nz/,pandorowellington,cafe,New Zealand,ChIJpU--btavOG0R7Z-_JxWnX4o,-41.2888334,174.7751219
Pandoro - Woodward St,pandoro-woodward-st,14 Woodward Street,Wellington,Wellington,,NZ,5010,04 472 5223,http://www.pandoro.co.nz/,pandorowellington,cafe,New Zealand,ChIJafFjxCquOG0RPaLwyzh6UZM,-41.2819938,174.7751094
Pastrami &amp; Rye,pastrami-rye,112 Main Highway,Auckland,Auckland,,NZ,5010,09 579 1562,https://pastramiandrye.mobi2go.com/,pastramirye,cafe,New Zealand,ChIJASKoYeRIDW0R72eZLtl9DQ4,-36.8975395,174.808756
Punnet Eatery,punnet-eatery,337 Newell Road,Tamahere,,,,3283,07 838 1901,https://punnet.co.nz/,https://www.instagram.com/punneteatery,cafe,New Zealand,ChIJxbe2TpoebW0RWLE_6P_3NEw,-37.830023,175.347161
Piccolo Morso,piccolo-morso,573a Devon Street East,New Plymouth,New Plymouth,,NZ,5010,06 759 1400,http://www.facebook.com/piccolomorsonewplymouth,piccolomorsofitzroy,"cafe,stockist",New Zealand,ChIJmVGQDNVRFG0Rnl8qN9Os6fI,-39.0493066,174.1027257
Picnic,picnic,"Begonia House, Rose Garden 101 Glenmore St,",Wellington,Wellington,,NZ,5010,04 472 6002,https://picniccafe.co.nz/,,cafe,New Zealand,ChIJt1i6edOxOG0RZ1VBVzgwS6A,-41.2823079,174.7674514
Posh Porridge,posh-porridge,388 Montreal Street,Christchurch Central,Christchurch,,NZ,8013,021 186 7449,https://www.facebook.com/Poshporridge/,poshporridge_nz,cafe,New Zealand,ChIJUTvdbfGKMW0RLmN8v2DtKQs,-43.523559,172.631193
Puff,puff,17-19 Cammish Lane,Tamariki Plaza,Orewa,,NZ,931,09 421 0060,https://www.facebook.com/puff.orewa/,Follow,"cafe,stockist",New Zealand,ChIJz2NRAwYkDW0ROWfIPIAjVaM,-36.588224,174.694684
Qubed,qubed,1 Hamill Road,Christchurch,Christchurch,,NZ,5010,03 322 6038,https://www.facebook.com/QubedCoffeeLounge/,,cafe,New Zealand,ChIJXYCBdpAfMm0RNscWsJWuLQU,-43.5781172,172.547011
Ravish - Kiosk,ravish-kiosk,726 Matakana Road RD 5,Matakana,Matakana,,NZ,5010,021 0247 9396,https://www.ravish-hq.com/kiosk,ravish_hq,cafe,New Zealand,ChIJ1XFqaprbDG0RqMJln2eI09U,-36.3728297,174.7038541
Red Kitchen - Te Awamutu,red-kitchen-te-awamutu,51 Mahoe Street,Te Awamutu,Te Awamutu,,NZ,5010,07 871 8715,http://redkitchen.co.nz/,,"cafe,stockist",New Zealand,ChIJIwykGPfmbG0RB1s7_2KS4SI,-38.0089915,175.3262154
Remedy Paraparaumu - Drive Thru,remedy-paraparaumu-drive-thru,109 Rimu Road,Paraparaumu,Paraparaumu,,NZ,5010,021 553 260,http://theremedy.coffee/,theremedyespressobar,cafe,New Zealand,ChIJS2H-qW2hQG0RaxWOgnR6wkU,-40.9192069,174.9991296
Remedy Espresso - Raumati,remedy-espresso-raumati,21A Raumati Road,Raumati,Raumati,,NZ,5010,021 252 7376,http://theremedy.coffee/,theremedyespressobar,cafe,New Zealand,ChIJydLokiehQG0Rg4cYbV6pBls,-40.9189905,174.982523
Ruby Red,ruby-red,30 Coronation Road,Mangere Bridge,Auckland,,NZ,,,,,cafe,New Zealand,ChIJNw1meURPDW0RsB3UJ4cGJV4,-36.94141,174.787167
Coffee At Ians,coffee-at-ians,Tunapo Road,Paekakariki,,,NZ,5034,,,,cafe,New Zealand,EipUdW5hcG8gUm9hZCwgUGFla2FrYXJpa2kgNTAzNCwgTmV3IFplYWxhbmQiLiosChQKEgk1GlGzkqdAbRGma6hWZF1XUBIUChIJWyE7L6imQG0RAPOiQ2HvAAU,-40.989179,174.952142
River Cottage Cafe,river-cottage-cafe,3 State Highway 1,Otaki,Otaki,,NZ,5010,06 364 6359,,river_cottage_cafe,cafe,New Zealand,ChIJG7D4WdaQQG0RX3g6q9NTRbg,-40.7688593,175.1455986
Rainbow Springs,rainbow-springs,192 Fairy Springs Road,Fairy Springs,Rotarua,,NZ,3015,,,,cafe,New Zealand,ChIJVxmRCLYnbG0Rk0x2VBfgRMY,-38.108794,176.221444
Rutland Arms Inn,rutland-arms-inn,48 - 52 Ridgway Street,Whanganui,Whanganui,,NZ,5010,06 347 7677,http://www.rutlandarms.co.nz/,,cafe,New Zealand,ChIJ4eHqtrwDQG0RRn7aNWj-raM,-39.9336952,175.0539274
Seabreeze,seabreeze,184 Garnet Road,Auckland,Auckland,,NZ,5010,N/A,,seabreeze.cafe,"cafe,stockist",New Zealand,ChIJI4vOOmxHDW0RgyiviRmFzck,-36.85383,174.7177303
Seven Cafe,seven-cafe,7 Hansons Lane,Christchurch,Christchurch,,NZ,5010,03 348 1886,http://www.sevencafe.co.nz/,seven_cafe7,cafe,New Zealand,ChIJa4h6N7iKMW0RdMnxdWsrxJk,-43.5324763,172.5741411
Shawty’s Cafe,shawty-s-cafe,4A Market Place,Twizel,Twizel,,NZ,5010,03 435 3155,http://www.shawtys.co.nz/,shawtyscafe,cafe,New Zealand,ChIJu1AV9h3gKm0RLtvsWm2c8F8,-44.2569476,170.0980521
Sherwood,sherwood,554 Frankton Road,Queenstown,Queenstown,,NZ,5010,03 450 1090 (2),http://sherwoodqueenstown.nz/,sherwood_queenstown,cafe,New Zealand,ChIJTZ5A_-Yd1akRW_1-6Xe9wEA,-45.023726,168.6972685
Siglo,siglo,28 Courtenay Place,Wellington,Wellington,,NZ,5010,04 801 6100,https://www.facebook.com/siglobarkitchen/,,cafe,New Zealand,ChIJsXaCmNqvOG0ReZ1IZ_uuDvw,-41.2935717,174.7825837
Simply Food at Otago School of Medicine,simply-food-at-otago-school-of-medicine,"Level D, 23a Mein St, Wellington Hospital",Newtown,Wellington,,NZ,5010,04 918 5253,https://www.simplyfood.co.nz/,,cafe,New Zealand,ChIJk3XKV-SvOG0R669taEPuYjQ,-41.309702,174.781004
Sipriana Cafe,sipriana-cafe,"Level 1, 31 - 35 Thorndon Quay",Wellington,Wellington,,NZ,5010,04 894 3201,https://www.facebook.com/SiprianaCafe/,,cafe,New Zealand,ChIJ23B8SS6uOG0RFv94VxQxVvI,-41.2765839,174.7808303
Spongedrop,spongedrop,10 Salisbury Avenue,Tauranga,Tauranga,,NZ,5010,07 572 0059,http://www.spongedrop.co.nz/,http:www.spongedrop.co.nz,"cafe,stockist",New Zealand,ChIJCYhaY5jebW0RREucU3U1nvo,-37.6402474,176.1830926
Spruce Goose,spruce-goose,30 Cochrane Street,Wellington,Wellington,,NZ,5010, 04-387 2277,http://www.sprucegoose.net.nz/,,cafe,New Zealand,ChIJ7fuZSGOlOG0R9G1BDhaF3mc,-41.3283287,174.8036391
Sugar Juice Cafe,sugar-juice-cafe,42-44 Tasman Street,Opunake,Opunake,,NZ,5010,06 761 7062,https://www.facebook.com/profile.php?id=100005997619014,,cafe,New Zealand,ChIJAwNQdpvBFW0R8QOtrkP9ACU,-39.454761,173.860404
Sweet Mothers Kitchen,sweet-mothers-kitchen,5 Courtenay Place,Wellington,Wellington,,NZ,5010,04 385 4444,http://www.sweetmotherskitchen.co.nz/,sweetmotherskitchen,cafe,New Zealand,ChIJXZM8t9qvOG0RoLewc978nnE,-41.2942663,174.7832352
Tees St,tees-st,1 Tees Street,Oamaru,Oamaru,,NZ,5010,03 434 5696,http://www.teesst.com/,tees_st,"cafe,stockist",New Zealand,ChIJPwn03M-ZKagRZIQ8THdgjF8,-45.1023305,170.9687438
Hello Pickle,hello-pickle,210 Bank St,Whangarei,,,NZ,112,0210 479 933,https://hellopickle.co.nz/,helloopickle_,cafe,New Zealand,ChIJF8_GRqd_C20RU_iZEJimiDc,-35.715553,174.323281
Black Olive,black-olive,308 Kerikeri Road,Kerikeri,Northland,,NZ,230,09-407 9693,http://www.theblackolive.net/,,cafe,New Zealand,ChIJDYODq_G3C20Rk_qNEobughU,-35.230562,173.945799
Superbowl,superbowl,132 Kerikeri Road,Kerikeri,Northland,,NZ,,,,,cafe,New Zealand,ChIJ6zmooOy3C20R2-AeopSSgD4,-35.223195,173.952382
The Beach House Kaikoura,the-beach-house-kaikoura,39 Beach Road,Kaikoura,Kaikoura,,NZ,5010,03 319 6035,https://m.facebook.com/pages/category/Coffee-Shop/Beach-House-Cafe-Kaikoura-162210030573439/,,cafe,New Zealand,ChIJzcfTyApWN20R2cDZNCJy7U0,-42.3960664,173.6790381
The Bean,the-bean,44 Broadway,Auckland,Auckland,,NZ,5010,09 529 1971,,,"cafe,stockist",New Zealand,ChIJpdg1knNIDW0Rn_lR5QZqMX4,-36.8650095,174.7793564
The Coffee Box - High Street,the-coffee-box-high-street,434 High St,Lower Hutt,Lower Hutt,,NZ,5010,021 0220 5160,http://www.thecoffeebox.co.nz/,thecoffeebox_,"cafe,stockist",New Zealand,ChIJd_NQC_eqOG0Rtsn9--1_wyI,-41.2059622,174.9106144
The Coffee Box - Moera,the-coffee-box-moera,Randwick Road,Lower Hutt,Lower Hutt,,NZ,5010,029 978 4647,http://www.thecoffeebox.co.nz/,thecoffeebox_,"cafe,stockist",New Zealand,ChIJSWB_ijaqOG0ReZaK2SXgV28,-41.2280153,174.9052822
The Cove,the-cove,910 Cove Road,Waipu,Waipu,,NZ,5010,09 432 0234,http://www.thecovecafe.co.nz/,thecovewaipu?hl=en,cafe,New Zealand,ChIJvd3zTkeRDG0RpaBamXmFSIg,-36.0298777,174.5069165
The Cure,the-cure,108 Tukapa Street,New Plymouth,New Plymouth,,NZ,5010,06 753 0190,http://www.thecure.co.nz/,,"cafe,stockist",New Zealand,ChIJHz-3L4hOFG0ROKF-fww3U_g,-39.0739794,174.0584675
The Dune,the-dune,40 Moir Street,Mangawhai,Mangawhai,,NZ,5010,09 431 5695,https://dunemangawhai.co.nz/,thedunemangawhai,cafe,New Zealand,ChIJS5KomDuVDG0RX8_VnbNSEdc,-36.1257236,174.5752581
The Front Room,the-front-room,42 Tutere Street,Waikanae,Waikanae,,NZ,5010,04 905 4142,,,"cafe,stockist",New Zealand,ChIJn9uzVh2iQG0RbJKmPEaULEs,-40.86206,175.0236524
The Larder,the-larder,133 Darlington Road,Wellington,Wellington,,NZ,5010,04 891 0354,https://www.thelarder.co.nz/,,cafe,New Zealand,ChIJ1ZdPYW2vOG0RJaI2uvifoAs,-41.3066961,174.8257898
The Red Beret,the-red-beret,145 High Street,Motueka,Motueka,,NZ,5010,03 528 0087,,,cafe,New Zealand,ChIJoXoNDt-GO20RATlBCNFIXAM,-41.1108245,173.011381
The Salty Pidgin,the-salty-pidgin,5 Todman Street,Wellington,Wellington,,NZ,5010,04 385 9137,http://www.saltypidgin.com/,saltypidgin,cafe,New Zealand,ChIJKeti1xmwOG0RItccEfRrLzI,-41.3056534,174.7630849
The Wellington Chocolate Factory,the-wellington-chocolate-factory,5 Eva Street,Wellington,Wellington,,NZ,5010,04-385 7555,https://www.wcf.co.nz/,wellingtonchocolatefactory,cafe,New Zealand,ChIJy4pWytevOG0RqiwkpwOSPwo,-41.2925755,174.7773271
Thunderbird,thunderbird,154 Featherston Street,Wellington,Wellington,,NZ,5010,04 499 1966,http://www.thunderbirdcafe.co.nz/,thunderbirdcafenz,cafe,New Zealand,ChIJb632z9SvOG0R7edfJtXquec,-41.2835619,174.7766538
Tower Bakers,tower-bakers,54 Waimarie Street,Auckland,Auckland,,NZ,5010,09 575 2843,,,"cafe,stockist",New Zealand,ChIJtTGFPA9KDW0Rb52RSkgkApE,-36.8498894,174.8690525
Trax,trax,1 Bunny Street,Wellington,Wellington,,NZ,5010,04 499 2466,,,cafe,New Zealand,ChIJoUXdXSyuOG0RlqZNk4UEeT0,-41.278604,174.780194
Tuam St Kitchen,tuam-st-kitchen,28 Tuam Street,Christchurch Central,Christchurch,,NZ,8011,03-261 6255,https://www.tuamstkitchen.co.nz/,tuamstkitchen,cafe,New Zealand,ChIJhXhcghGLMW0RT43fNYjnw9g,-43.535209,172.62875
Twenty Three,twenty-three,23 Mt Eden Road,Auckland,Auckland,,NZ,5010,09 354 4505,http://www.twentythree.co.nz/,,"cafe,stockist",New Zealand,ChIJ_zW2YsNHDW0R6wrQ_uNObUs,-36.8656368,174.7608964
Two Grey,two-grey,"Panama Street, Loading dockway",Wellington,Wellington,,NZ,5010,04 495 7840,https://www.twogrey.co.nz/,twogrey_,cafe,New Zealand,ChIJEQ1k3NSvOG0R3myViPUZqTY,-41.2840037,174.776321
Verve Cafe,verve-cafe,Capital On The Quay250 Lambton Quay,Wellington,Wellington,,NZ,5010,04 471 1182,,,cafe,New Zealand,ChIJm5GErNWvOG0RN82dvOuvH2I,-41.2833809,174.7754156
Vicbooks - Kelburn,vicbooks-kelburn,"Easterfield Building, Gate 4 1 Kelburn Parade",Wellington,Wellington,,NZ,5010,04 280 6205,http://www.vicbooks.co.nz/,vicbooksandcafe,"cafe,stockist",New Zealand,ChIJu11XUimwOG0RKgGzQ6k_Gg4,-41.2892024,174.7681528
Vicbooks - Kiosk,vicbooks-kiosk,"Easterfield Building, Gate 4 1 Kelburn Parade",Wellington,Wellington,,NZ,5010,04 280 6205,http://www.vicbooks.co.nz/,vicbooksandcafe,"cafe,stockist",New Zealand,ChIJu11XUimwOG0RKgGzQ6k_Gg4,-41.2892024,174.7681528
Vicbooks - Pipitea,vicbooks-pipitea,"27 Lambton Quay Ground Floor, Rutherford House",Wellington,Wellington,,NZ,5010,04 280 6212,http://www.vicbooks.co.nz/,vicbooksandcafe,"cafe,stockist",New Zealand,ChIJxbHECSyuOG0RscyrH5FnDI8,-41.278554,174.7788991
Vines Village Cafe,vines-village-cafe,193 Rapaura Road,Blenheim,Blenheim,,NZ,5010,03-579 5424,http://www.thevinesvillage.co.nz/,vinesvillagecafe,cafe,New Zealand,ChIJ4TKKT3ppOW0RHI40K7tqUpg,-41.4833266,173.840089
The Island Grocer Waiheke,the-island-grocer-waiheke,110 Oceanview Road,Waiheke,Waiheke,,NZ,5010,09 372 8866,http://www.theislandgrocer.co.nz/,theislandgrocer,"cafe,stockist",New Zealand,ChIJtw-feunLcm0Ry6LxeZh2UT8,-36.7818628,175.0083901
Waiomu Beach Cafe,waiomu-beach-cafe,622A Thames Coast Road,Waiomu,Waiomu,,NZ,5010,07 868 2554,,waiomubeachcafe,cafe,New Zealand,ChIJt6RaDXuPcm0R6lqEqmrTRf0,-37.0277209,175.5171538
Welcome Eatery,welcome-eatery,181 Grafton Road,Auckland,Auckland,,NZ,5010,09 974 1042,http://welcomeeatery.co.nz/,welcomeeatery,"cafe,stockist",New Zealand,ChIJ5acLwdxHDW0RNbNYqJ9Y76A,-36.864019,174.7640687
Workman's,workman-s,52 Broadway,Matamata,Matamata,,NZ,5010,07 888 5498,http://workmans.co.nz/,workmanscafebar,cafe,New Zealand,ChIJVUi3bPuxbW0R9vYR5N-DZLM,-37.8091699,175.7730366
Zippy Central Cafe,zippy-central-cafe,1152 Pukuatua Street,Rotorua,Rotorua,,NZ,5010,07 348 8288,https://fb.com/ZippyCentralCafe/,zippy_central_cafe,"cafe,stockist",New Zealand,ChIJDTYrEnwnbG0RLjwsEvHPoF4,-38.1370034,176.2521272
GoodFor Wholefoods Ponsonby,goodfor-wholefoods-ponsonby,2 Williamson Ave,Auckland,Auckland,,NZ,6011,0800 466 3367,http://www.goodfor.co.nz/,goodforstore,stockist,New Zealand,ChIJ-cstu5VHDW0RLyC8dAUMKLA,-36.8581483,174.7491231
Omaha Beach Cafe,omaha-beach-cafe,"Unit 1, 1 Matariki Street",Omaha,Omaha,,NZ,5010,09 422 9931,,,"cafe,stockist",New Zealand,,-36.3301625,174.7748175
Light House Pauatahanui,light-house-pauatahanui,3 Paekakariki Hill Road,Pauatahanui,Pauatahanui,,NZ,,04 234 6770,http://www.lighthousecinema.co.nz/,,cafe,New Zealand,ChIJR_fpAMFVP20Rl3Yl4tKFVv0,-41.106007,174.916589
Stanley's Cafe,stanley-s-cafe,58 East Coast Road,Auckland,Auckland,,NZ,5010,09 410 4104,http://www.facebook.com/stanleyscafe/,,"cafe,stockist",New Zealand,ChIJc8mhse45DW0R1B6xFkiDZb0,-36.7686237,174.7583269
The Quay,the-quay,31 QuaysideTown Basin,Whangarei,Whangarei,,NZ,5010,09 430 2628,http://www.thequaykitchen.co.nz/,the_quaykitchen,cafe,New Zealand,ChIJVSWxB-9-C20RGKtAWzUPHCw,-35.7246603,174.3265354
Tin Man,tin-man,6 Briody Terrace,Auckland,Auckland,,NZ,5010,021 244 4411,,,cafe,New Zealand,ChIJs0EIKJ5JDW0RbThudkO3SQw,-36.8852356,174.8392349
Whare Waka,whare-waka,25 Tau Henare Drive,Waitangi,,,NZ,293,09-402 7437,https://www.waitangi.org.nz/discover-waitangi/whare-waka-cafe/,,cafe,New Zealand,ChIJN5bgCcC6C20RTMpKT7-YXoI,-35.264883,174.085684
Winona Forever,winona-forever,100 Parnell Road,Auckland,Auckland,,NZ,5010,09 974 2796,http://winonaforever.co.nz/,winonaforevercafe,"cafe,stockist",New Zealand,ChIJ4wJKOw9IDW0RxGZ_talbaiY,-36.8526683,174.7788561
Love Rosie Bakery,love-rosie-bakery,50 Ninth Avenue,Tauranga,Tauranga,,NZ,,07 928 1112,http://www.facebook.com/LoveRosieBakery,loverosiebakery,"cafe,stockist",New Zealand,ChIJyxl5Os_bbW0RYhlx4_6bhOY,-37.6951865,176.1605659
The Factory Palmerston North,the-factory-palmerston-north,21 Dairy Farm Road,Palmerston North,Palmerston North,,NZ,5010,06 280 4130,https://www.thefactorynz.co.nz/,thefactorynz,cafe,New Zealand,ChIJlZ_cQKWyQW0R9XpAlkDk2m4,-40.3798765,175.6138075
No. 8 Restaurant and Bar,no-8-restaurant-and-bar,Shop 8,Whangarei,Whangarei,,NZ,5010,09 9718199,https://www.facebook.com/numbereightkitchen/,numbereightkitchen,cafe,New Zealand,ChIJGxlbXO5-C20RA3S8Ybag8Sw,-35.7299622,174.3272331
The Kimchi Project,the-kimchi-project,20 Lorne Street,Auckland,Auckland,,NZ,5010,09 302 4002,http://www.thekimchiproject.nz/,thekimchiproject,"cafe,stockist",New Zealand,ChIJ6b750-RHDW0RtihV6KdoTr8,-36.8502086,174.7657769
The Chop Shop,the-chop-shop,7 Arrow Lane,Arrowtown,Arrowtown,,NZ,5010,03 442 1116,https://www.facebook.com/thechopshopfoodmerchants/,thechopshopfoodmerchants,cafe,New Zealand,ChIJg1TZOX4Y1akRJAClBbkiKoI,-44.9388583,168.832287
Vogel St Kitchen,vogel-st-kitchen,76 Vogel St,Dunedin,Dunedin,,NZ,5010,03 477 3623 ,http://www.vogelstkitchen.nz/,vogel_st_kitchen,"cafe,stockist",New Zealand,ChIJY3Of3g-sLqgRDioqz9QWIuQ,-45.8796731,170.5029671
The Caffeine Bar,the-caffeine-bar,7/1086 Papamoa Beach Road,Papamoa,Papamoa,,NZ,5010,022 699 3810,,thecaffeinebar,"cafe,stockist",New Zealand,ChIJN1e0Wyl3bm0RWc9wi1qvEBo,-37.7138884,176.3321977
Hare and the Turtle,hare-and-the-turtle,"Shop 1, 63 New Windsor Road",Auckland,Auckland,,NZ,,027 378 0153,https://www.facebook.com/hareandtheturtle/,hareandtheturtle,"cafe,stockist",New Zealand,ChIJh1zuRL9GDW0Rr0F5an2IBvI,-36.9016915,174.7063022
Gipsy Kitchen Jessie St,gipsy-kitchen-jessie-st,37 Jessie St,Wellington,Wellington,,NZ,5040,04 21822115,https://m.facebook.com/Gipsy-Kitchen-166251323428395/,,cafe,New Zealand,ChIJNzNmy9uvOG0RdKMImj2sTfE,-41.2955288,174.779484
Fresh Collective Alberton,fresh-collective-alberton,1 Alberton Ave,Auckland,Auckland,,NZ,,09 849 4311,http://www.newworld.co.nz/,,cafe,New Zealand,ChIJXXqE__1GDW0R_Nv5eKZob2w,-36.8803878,174.7261907
Pickle and Pie,pickle-and-pie,2 Lombard Lane,Wellington,Wellington,,NZ,5010,04-979 6284,https://www.pickleandpie.co.nz/,pickleandpie_deli,cafe,New Zealand,ChIJHbFI-NavOG0R_VC0WTTN5A8,-41.2899288,174.7760648
Beam,beam,192 Kitchener Road,Auckland,Auckland,,NZ,6023,021 066 1258,,beamcafenz?hl=en,cafe,New Zealand,ChIJ64uPuuc5DW0RzQr1lAE0NF4,-36.7727013,174.7647207
Piccolo - Taupo,piccolo-taupo,41 Ruapehu Street,Taupo,Taupo,,NZ,5010,07 376 5759,http://www.taupocafe.co.nz/,,cafe,New Zealand,ChIJv26g8cDwa20R0FNjl-gm1as,-38.6886078,176.0720414
Ladybird,ladybird,Unit A 55 Montgomerie Road,Auckland,Auckland,,NZ,,09 275 2373,http://www.ladybirdnz.com/,ladybirdcafe,cafe,New Zealand,ChIJ2egjx49PDW0Ri8xtMggd8SY,-36.9810542,174.7826065
The Offering,the-offering,65 Main St,Greytown,Greytown,,NZ,5010,06 304 9645,https://the-offering.business.site/,theofferinggreytown?hl=en,cafe,New Zealand,ChIJI9ZDIbfRQG0RtsUORvftmbQ,-41.0789446,175.4623062
The Screening Room - Eat,the-screening-room-eat,435 Queen Street,Masterton,Masterton,,NZ,5010,06-378 6191,http://thescreeningroom.co.nz/,the_screening_room_nz?hl=en,cafe,New Zealand,ChIJaS_HU9MmQW0RKaTSgSqcsXU,-40.9577789,175.6492317
Starta Wellington Sourdough,starta-wellington-sourdough,Left Bank Laneway,Wellington,Wellington,,NZ,5010,027 874 7319,http://www.wellingtonsourdough.co.nz/,wellingtonsourdough,cafe,New Zealand,ChIJ-xpqhNevOG0RBuCdWEG5JBg,-41.2926053,174.7758423
Global Byte Cafe,global-byte-cafe,150 Dee Street,Invercargill,Invercargill,,NZ,5040,03 214 4724,,globalbytecafe,cafe,New Zealand,ChIJ15VbTZnE0qkRHHTJmzVNff4,-46.4085947,168.3468779
The Mission Bay Pavilion,the-mission-bay-pavilion,44 Tamaki Drive,Auckland,Auckland,,NZ,5010,09 930 7360,https://missionbythebeach.co.nz/,missionbythebeach,cafe,New Zealand,ChIJaygB4dtJDW0R5sWz7nXjig4,-36.8473187,174.8296245
Little Goose Eatery,little-goose-eatery,1A Luxton Road,Whakatane,Whakatane,,NZ,,07 308 2422,https://www.facebook.com/littlegooseeatery/,littlegooseeatery,cafe,New Zealand,ChIJSfqt1DYAb20Rd38eNy-yc2o,-37.9730879,176.9173496
Ekor Bookshop &amp; Cafe,ekor-bookshop-cafe,17B College St,Wellington,Wellington,,NZ,1024,04 384 8984,http://ekor.co.nz/,ekorbookshopcafe,cafe,New Zealand,ChIJwYiCqNuvOG0RLdCku_jQ8wc,-41.296287,174.780967
Rona's,rona-s,42 Rue Lavaud,Banks Peninsula,Banks Peninsula,,NZ,5010,027 518 7910,http://www.ronas.co.nz/,ronas_restaurant,cafe,New Zealand,ChIJrbt7hXXMM20Rmmj5YpvhUew,-43.8033151,172.9683295
Common Ground,common-ground,1/63 Clyde Road,Auckland,Auckland,,NZ,3510,021 198 2828,,commongroundeatery,cafe,New Zealand,ChIJzZj6XVw6DW0RmpbdgH1AD1U,-36.7151064,174.7485097
The Glory Company,the-glory-company,43 Orchard West Road,Ngatea,Ngatea,,NZ,5010,07 867 7157,https://facebook.com/The-Glory-Company-176710149576956/,,"cafe,stockist",New Zealand,ChIJwSspAmp8bW0Rgaw2fwXmrcY,-37.2764349,175.4943959
Greenwoods Cafe,greenwoods-cafe,17 Pah Road,Auckland,Auckland,,NZ,,09 625 2500,http://www.greenwoodscafe.co.nz/,greenwoodscafe,"cafe,stockist",New Zealand,ChIJY9vDmSBGDW0RdQPMwf50uvo,-36.900056,174.772739
Lowbrow,lowbrow,Level 1/ Tenancy 8 125 Queen Street,Auckland,Auckland,,NZ,,09-379 9285,https://www.lowbrow.co.nz/,lowbrow.nz,cafe,New Zealand,,-36.8484597,174.7633315
Goods,goods,342A Tinakori Road,Wellington,Wellington,,NZ,6021,04 473 4151,https://www.goodswellington.com/,goodswellington,cafe,New Zealand,ChIJS2NlEtSxOG0REXQc0V3irO0,-41.2786504,174.7688131
Cafe Third Wave,cafe-third-wave,"Albany Stadium Pool, Don Mckinnon Drive",Auckland,Auckland,,NZ,8053,022 345 6321,https://www.aucklandleisure.co.nz/locations/north/albany-stadium-pool/,,"cafe,stockist",New Zealand,ChIJJTIMnpM7DW0R239bQZRBKuY,-36.7262489,174.7044199
Petit Bocal,petit-bocal,177 Sandringham Road,Auckland,Auckland,,NZ,5010,09 815 6992,,petitbocal,"cafe,stockist",New Zealand,ChIJV9YQoq1HDW0RsGrmckX7mN8,-36.8778939,174.7406051
Franz Josef Glacier Guides,franz-josef-glacier-guides,63 Cron Street,Franz Josef Glacier,Franz Josef Glacier,,NZ,1010,03 752 0025,https://www.franzjosefglacier.com/?utm_source=google&amp;utm_medium=organic&amp;utm_campaign=google%20my%20business,franzjosefglacierguides,cafe,New Zealand,ChIJU0nnft7VK20RzcUvPww46uQ,-43.3837176,170.1829935
Hahei Beach Cafe,hahei-beach-cafe,3 Grange Road,Hahei,Hahei,,NZ,,07 866 30 16,http://www.haheibeachcafe.com/,,cafe,New Zealand,ChIJt7guLPxCcm0RFhiD2w8bs9A,-36.840233,175.8024136
Daily Bread,daily-bread,1210 Great North Road,Auckland,Auckland,,NZ,1010,09 217 3673 ,http://www.dailybread.co.nz/,dailybreadnz,"cafe,stockist",New Zealand,ChIJ_ZT1nSJHDW0RFWUqfRGOUN4,-36.8706605,174.7106523
The Green House,the-green-house,16 Williamson Ave,Ponsonby,Auckland,,NZ,1021,,http://www.dailybread.co.nz/,dailybreadnz,"cafe,stockist",New Zealand,ChIJpROn7pVHDW0RBrAjrX4lZYg,-36.858674,174.748446
Dunbar Estates Limited,dunbar-estates-limited,1469 Motueka Valley Highway Road,Motueka,Motueka,,NZ,8023,03 526 8598,http://www.dunbarestates.co.nz/,,cafe,New Zealand,ChIJ1aH1HTZ4O20RtLRTDKBVthE,-41.2007058,172.870383
Vondel,vondel,8 Victoria Road,Devonport,Auckland,,NZ,624,09-446 6444,,vondel_akl,"cafe,stockist",New Zealand,ChIJg62kx9w3DW0RuYKfhYnV8nc,-36.830415,174.798329
Copper Spot Cafe and Eatery,copper-spot-cafe-and-eatery,28 Corithian Drive,Auckland 0632,Auckland 0632,,NZ,3510,09 447 1788,,copperspotcafe?hl=en,"cafe,stockist",New Zealand,ChIJJZu6i8A7DW0Ry4X_N6KV-g8,-36.7307132,174.7132061
Seddon 64,seddon-64,64 Seddon Street,Pukekohe,Auckland,,NZ,2120,09-963 1845,https://www.seddon64eatery.com/,seddon64eatery,cafe,New Zealand,ChIJS8bdMz2rEm0R8wyE9dCdmhg,-37.198276,174.901536
That Little Cottage,that-little-cottage,17 Market Street,Pokeno,Pokeno,,NZ,5010,09 233 6888,,,cafe,New Zealand,ChIJyyHrhyhUbW0RqrMrgnTzbls,-37.2449511,175.0206345
Bacio,bacio,212 Jervois Road,Auckland,Auckland,,NZ,6011,09 378 6150,,baciocafe,cafe,New Zealand,ChIJzwdkoYNHDW0RdxqjgKfAHyw,-36.8456584,174.7352385
Fusee Rouge,fusee-rouge,64b The Mall,Cromwell,Cromwell,,NZ,,03 445 3334,https://www.facebook.com/fuseerouge/,fuseerouge,cafe,New Zealand,ChIJzc0858PUKqgRGYU-K5R8bZU,-45.0368754,169.1981939
The Hayes,the-hayes,1 Onslow Road,Lake Hayes Estate,,,NZ,9304,03-441 4074,https://www.thehayes.co.nz/,thehayes_queenstown,Cafe,New Zealand,ChIJlwi_hHIf1akRoYEA9C8JaJo,-45.001941,168.789697
Major Tom,major-tom,87 Apollo Drive,Auckland,Auckland,,NZ,,09 216 5514,https://www.facebook.com/majortomcafe/,majortomcafe?hl=en,cafe,New Zealand,ChIJ427fT8w7DW0ROzd3tl9IZ8s,-36.7381786,174.7272552
Relish Cafe,relish-cafe,12 Elizabeth Street,Waikanae,Waikanae,,NZ,5010,04 293 1470,,,cafe,New Zealand,ChIJm-1j2vWiQG0RNQce6tC1dDY,-40.8781929,175.066719
Mrs M's,mrs-m-s,207 Stafford Street,Timaru,Timaru,,NZ,5010,027 677 3667,,,"cafe,stockist",New Zealand,ChIJnS7sSijCLG0RavsJHdGbTSY,-44.3958851,171.2533297
Homestead,homestead,72 Hillsborough Road,Auckland,Auckland,,NZ,8011,09-624 1215,http://www.pahhomestead.company/,homestead.company,cafe,New Zealand,ChIJozNf1BFGDW0RE7oMYPec-Xk,-36.9143535,174.7631279
Little Social,little-social,255 Asaph St,Christchurch,Christchurch,,NZ,,0210 208 4444,https://www.littlesocial.co.nz,littlesocialchch,cafe,New Zealand,ChIJc69UkhiKMW0RbEkRi5POwio,-43.5357891,172.6409378
Cafe Mondo at Hastings New World ,cafe-mondo-at-hastings-new-world,400 Heretaunga Street East,Hastings,Hastings,,NZ,5713,06 876 9881 ext 854,http://www.newworld.co.nz/,,cafe,New Zealand,ChIJp1VpM6vLaW0RK7F4pXqa58A,-39.644719,176.8469589
Patio Rose,patio-rose,528 Cambridge Road,Tauranga,Tauranga,,NZ,5010,07 543 1096,https://www.patiorosecafe.co.nz/,patiorosecafe,cafe,New Zealand,ChIJNwkMSrDabW0Rtq6j-8oxCGg,-37.7325437,176.1016283
Banter,banter,496 Colombo St,Christchurch,Christchurch,,NZ,6023,027 810 4187,,bantercafe_chch,cafe,New Zealand,ChIJsR0FhhCKMW0RxT5LCd5JmUk,-43.5416643,172.6368971
Nikau Gallery Cafe,nikau-gallery-cafe,Wellington City Art Gallery Civic Square,Wellington,Wellington,,NZ,5010,04 4 801 4168,http://nikaucafe.co.nz/,nikaucafe,cafe,New Zealand,ChIJAYfqlNavOG0RfVybWX426mM,-41.2885858,174.7771786
MOOMAA Cafe and Design Store,moomaa-cafe-and-design-store,1813 State Highway 1,Marton,Marton,,NZ,5010,027 464 5809,http://www.moomaa.nz/,moomaa_cafe_designstore,cafe,New Zealand,ChIJ-xrafDwvQG0R2F2H-nheyT8,-40.0412649,175.4394423
Farro Fresh - Mt Eden,farro-fresh-mt-eden,422 Dominon Road,Auckland,Auckland,,NZ,,04 384 7788,http://farro.co.nz/,farrofresh,stockist,New Zealand,ChIJ4621RrVHDW0RGmztsfq03nY,-36.8817439,174.7495515
Cafe Blume ,cafe-blume,14 Main Street,Upper Hutt,Upper Hutt,,NZ,5581,04 528 2677,https://www.facebook.com/blumingood/,cafe_blume_,cafe,New Zealand,ChIJ74UPCFutQG0RRFPYz6XfioQ,-41.1248718,175.0664156
Double Shot Cafe,double-shot-cafe,47 Horomatangi Street,Taupo,Taupo,,NZ,8023,07-377 4478,https://www.lovetaupo.com/en/operators/double-shot-cafe,,cafe,New Zealand,ChIJuRFjx9Hxa20Ru1RjFxDVug0,-38.6872861,176.071838
Cargo Coffee Co,cargo-coffee-co,35 Fort St,Auckland,Auckland,,NZ,1023,09-309 0220,,cargocoffeeco,cafe,New Zealand,ChIJ83NemvtHDW0RrGL2PYcBCIA,-36.8462911,174.7678605
Queenies,queenies,24A Spring Street,Auckland,Auckland,,NZ,5010,09 378 8977,https://queenie-nz.com/,queenies_nz?hl=en,cafe,New Zealand,ChIJVxp5f41HDW0RhV723DI11Mw,-36.8490082,174.7498645
Nosh Cafe,nosh-cafe,415 West St,Ashburton,Ashburton,,NZ,5010,03 307 0070,https://noshcafe.co.nz/,noshcafeashburton,cafe,New Zealand,ChIJJQBuCKW7LW0RZTekmt2mvcU,-43.8948129,171.7605083
The Office,the-office,1429 Main North Road,Waikuku,Waikuku,,NZ,5010,021 804 425,https://www.facebook.com/theofficecafewaikuku/,theofficecafewaikuku,cafe,New Zealand,ChIJFZ4g5viWMW0R1B99DbOAslg,-43.2902541,172.6845567
Cafe Collective,cafe-collective,12 Madden Street,Auckland CBD,Auckland,,NZ,1010,09 3650 500,https://gridakl.com/,,cafe,New Zealand,ChIJVUCPMPRHDW0RFlKLjphCrdo,-36.842254,174.756742
Ambler,ambler,181 Point Chevalier Road,Auckland,Auckland,,NZ,931,09 849 3615,http://amblerptchev.co.nz/,amblerptchev,"cafe,stockist",New Zealand,ChIJVZ2PWCxHDW0R2pbM2DPjNu8,-36.8648897,174.7063677
Woodside Cafe ,woodside-cafe,134a Hinemoa Street,Auckland,Auckland,,NZ,5010,022 656 9058,,woodsidecafenz,"cafe,stockist",New Zealand,ChIJX8Z1UfU4DW0Rd56CUe-uTwQ,-36.8157498,174.7310736
Rude Boy Deli,rude-boy-deli,34 Sale St,Auckland,Auckland,,NZ,5010,09 974 5515,,rudeboydelieatery,"cafe,stockist",New Zealand,ChIJNXkbfCVHDW0RJ9hJ8zptIw0,-36.8496641,174.7569097
Otto and Oscar,otto-and-oscar,51 The Strand,Tauranga,Tauranga,,NZ,5010,07 282 7879,https://www.facebook.com/oscarandotto/?ref=py_c,otto_eatery,cafe,New Zealand,ChIJexYMyuLbbW0R_Ve_hUjyN84,-37.6821011,176.1697398
SG Coffee,sg-coffee,8B Target Rd,Auckland,Auckland,,NZ,5010,021 071 0340,,,cafe,New Zealand,ChIJwxEScno5DW0Rqf-4DwdDfUc,-36.7615391,174.7247641
GoodFor Wholefoods Takapuna,goodfor-wholefoods-takapuna,360 Lake Road,Auckland,Auckland,,NZ,6011,0800 4663367 ,http://www.goodfor.co.nz/,goodforstore,stockist,New Zealand,ChIJ3y5U80Q3DW0RlrimSKU85hQ,-36.7947444,174.7769844
Little Goodies - Auckland,little-goodies-auckland,Shop 2 146 Sunnynook Road,Auckland,Auckland,,NZ,,021 352626,https://littlegoodiescafe.business.site/,,cafe,New Zealand,ChIJCZX9A4U5DW0R55iRjpSogsU,-36.76048,174.739692
Copper Cafe - Dunedin,copper-cafe-dunedin,595 Highgate,Dunedin,Dunedin,,NZ,3510,03 467 2898,https://copperwebsitesetup.wixsite.com/copper,copper595,"cafe,stockist",New Zealand,ChIJuVWilHisLqgR5JuPg2WeioQ,-45.8583463,170.50001
Sweet Bakery and Cakery Karori,sweet-bakery-and-cakery-karori,3/149 Karori Road,Wellington,Wellington,,NZ,5010,021 137 1385,http://sweetbakery.co.nz/,sweetbakerynz,cafe,New Zealand,ChIJNdE1x0ywOG0RUr15KRZmeKk,-41.2824744,174.7458301
Sweet Bakery and Cakery Cuba St,sweet-bakery-and-cakery-cuba-st,268 Cuba St,Wellington,Wellington,,NZ,5010,021 137 1385,http://sweetbakery.co.nz/,sweetbakerynz,cafe,New Zealand,ChIJt1JAodivOG0RDbABYd-hPQY,-41.296622,174.773845
Crave,crave,6 Morningside Drive,Morningside,Auckland,,NZ,1025,09-845 4714,http://cravecafe.co.nz/,cafecrave,"cafe,stockist",New Zealand,ChIJRaM5q65HDW0RYJIJV2BwOqM,-36.875272,174.736615
The Hive,the-hive,450 Purangi Road,Purangi,Whitianga,,NZ,3591,,https://www.hivepurangi.co.nz/,,cafe,New Zealand,ChIJq7us-ktdcm0RJu2nVF5aaAc,-36.861808,175.762745
Kind Eatery,kind-eatery,6 Morningside Drive,Auckland,Auckland,,NZ,,09-869 8765,http://cravecafe.co.nz/,,cafe,New Zealand,ChIJRaM5q65HDW0RYJIJV2BwOqM,-36.8754861,174.7363365
Benny's Barber Shop,benny-s-barber-shop,101 Disraeli Street,Christchurch,Christchurch,,NZ,6023,027 378 8351,http://www.bennysbarbershop.co.nz/,bennysbarbershopnz,cafe,New Zealand,ChIJj69LhjmLMW0RnOyfWfsEylk,-43.5424304,172.6315099
Tartan Rose Cakery and Deli,tartan-rose-cakery-and-deli,326 Devon St East,New Plymouth,New Plymouth,,NZ,5010,06 757 2933,https://www.tartanrose.co.nz/,tartanrosecakeryanddeli,cafe,New Zealand,ChIJf3O_7SlPFG0RGaXq4juLBZA,-39.0546312,174.0855724
Beach Central Cafe,beach-central-cafe,"Ground Floor, 69-71 Beach Road",Auckland,Auckland,,NZ,1010,021 0240 1457,https://beach-central.business.site/,,"cafe,stockist",New Zealand,EkVHcm91bmQgRmxvb3IsIDY5LTcxLzEwMTAgQmVhY2ggUmQsIFRvcmJheSwgQXVja2xhbmQgMDYzMCwgTmV3IFplYWxhbmQiLxotChYKFAoSCeXl5tKSOg1tEXYrH095u2EYEhNHcm91bmQgRmxvb3IsIDY5LTcx,-36.8472565,174.7730909
Ken's Cafe,ken-s-cafe,13A Bishopdale Court,Christchurch,Christchurch,,NZ,,027 894 5362,https://www.facebook.com/pages/category/Restaurant/Kens-Cafe-622659001520600/,,cafe,New Zealand,ChIJVayn3xeLMW0RBaZiZBX-dv8,-43.4890387,172.5856067
Arcimboldi,arcimboldi,42 Dundas Street,Wellington,Wellington,,NZ,931,021 987 082,https://www.arcimboldi.net/,arcimboldi_seatoun,cafe,New Zealand,ChIJ7UoYoWGvOG0RCX8rZ4VGgfk,-41.3231855,174.8322632
New World Thorndon,new-world-thorndon,"150 Molesworth St, Thorndon,",Wellington,Wellington,,NZ,5010,04 499 9041,http://www.newworld.co.nz/thorndon,newworldthorndon,stockist,New Zealand,ChIJdwmhtSiuOG0RfSZInIzmaQ8,-41.2739961,174.7780571
Ferntinental Cafe &amp; Restaurant,ferntinental-cafe-restaurant,180 Gulf Harbour Dr,Whangaparaoa,Whangaparaoa,,NZ,6011,021 177 6586,https://www.gulfharbourcountryclub.co.nz/ferntinental-cafe?ComeFromCat=1528,gulfharbourcountryclub,cafe,New Zealand,ChIJ-_NCnWAvDW0RA2tA6WS4H4c,-36.6172862,174.7974576
Sugar,sugar,c/o Chelsea Bay Cafe - 100 Colonial Road,Auckland,Auckland,,NZ,5010,09-481 0744,https://www.chelsea.co.nz/chelseabay/cafe/,chelseasugarnz,cafe,New Zealand,ChIJbzefc404DW0RnOs3cOjfmWw,-36.820404,174.724932
Augustus Bistro,augustus-bistro,1-3 St Mary's Bay Road,Auckland 1011,Auckland 1011,,NZ,6011,09 950 4855 (1),https://augustusbistro.co.nz/,augustusbistro,cafe,New Zealand,ChIJY-Vas49HDW0RS90n2W1Yg8s,-36.8472432,174.7445661
RÄkau,rÄkau,170 Arthurs Point Road,Arthurs Point 9371,Arthurs Point 9371,,NZ,5010,022 190 2868,https://www.rakauqueenstown.co.nz/,rakau.queenstown,cafe,New Zealand,ChIJ75ICtmcc1akR3j9cEr_5KKg,-44.9799339,168.6867221
Starfish Cafe and Bar,starfish-cafe-and-bar,240 Forbury Road,Dunedin,Dunedin,,NZ,5010,03-455 5940,http://www.starfishcafe.co.nz/,starfish.cafe,cafe,New Zealand,ChIJGSmGVciuLqgRdXP4UzkPtgY,-45.9113472,170.4900729
Archie's,archie-s,"Unit 1, 454 Borman Road",Hamilton,Hamilton,,NZ,931,021 678 507,https://www.facebook.com/archiescafenz/,archiescafenz,cafe,New Zealand,,-37.719857,175.241477
New World Rolleston ,new-world-rolleston,Shop 9 Rolleston Shopping Centre,Rolleston,Rolleston,,NZ,5010,03 3474404,http://www.newworld.co.nz/,,cafe,New Zealand,ChIJbcXJMkoDMm0Rc_fxsvXtoxk,-43.5960479,172.385165
Fire - Mt Maunganui,fire-mt-maunganui,113 Maunganui Road,Mt Mauganui,Mt Mauganui,,NZ,1011,07 929 7011,https://www.fireatthemount.co.nz/,fireatthemount,cafe,New Zealand,ChIJczv7oZnebW0RyQMB--N6MGI,-37.6370011,176.1831079
Soho,soho,72 Taharoto Road,Auckland,Auckland,,NZ,5010,021 263 7732,https://goodside.co.nz/food-drink/soho/,sohoeatsnz,cafe,New Zealand,ChIJv0B22sc5DW0RgnXHB6THE_o,-36.7845153,174.754401
Flat White Cafe,flat-white-cafe,"Unit U, 86 Bush Road",Auckland,Auckland,,NZ,6140,021 298 1755,,,cafe,New Zealand,ChIJj391Mm47DW0RQn_02F8Sws8,-36.7398397,174.7037335
Breadhead,breadhead,2A St John Street,Tauranga,Tauranga,,NZ,6011,07-281 1061,,breadheadnz,cafe,New Zealand,ChIJZWKMMc_bbW0R_6Ivx02_bks,-37.695239,176.160256
Johnny Crema - Queenstown,johnny-crema-queenstown,180 Glenda Drive,Queenstown 9371,Queenstown 9371,,NZ,,021 0864 0583,http://www.facebook.com/johnnycremaqt/,,cafe,New Zealand,ChIJX0Kw39If1akRLXuZZUDiT5w,-45.0120397,168.7541161
The Kitchen Cafe ,the-kitchen-cafe,53 Hereford st,Christchurch,Christchurch,,NZ,5010,03 377 2200,,the_kitchen_cafe_ch,cafe,New Zealand,ChIJBc1ziD6KMW0RgfSOYP1wgT4,-43.531922,172.6314311
Yonder,yonder,14 Church St,Queenstown,Queenstown,,NZ,5010,03 409 0994,http://www.yonderqt.co.nz/,yonderqt,"cafe,stockist",New Zealand,ChIJS-5xxYYd1akRVWDESd6I5p8,-45.0330595,168.6617662
Deluca Cafe,deluca-cafe,6-8 Rust Avenue,Whangarei,Whangarei,,NZ,7110,021 062 4468,https://www.facebook.com/DelucaCafe-2123625394324362/?modal=admin_todo_tour,,cafe,New Zealand,ChIJ-7NDd-R-C20RcbhvDERlEi8,-35.7242365,174.319033
&amp;Sushi,sushi,2 Commerce Street,Auckland,Auckland,,NZ,#N/A,09-600 3299,http://www.andsushi.co.nz/?ckattempt=1,andsushinz,cafe,New Zealand,,-36.8439943,174.7688313
Tokomaru Te Whaea,tokomaru-te-whaea,11 Hutchison Road,Wellington,Wellington,,NZ,5010,0274 549 857,https://www.facebook.com/tokomarufood/,,cafe,New Zealand,ChIJz1KGIuKvOG0Rrw0RA1RqXBA,-41.3083689,174.7746702
Hurunui Village,hurunui-village,1224 Karaka Road,Hurunui,Hurunui,,NZ,8011,03 314 2207,https://thehurunuihotel.co.nz/eat-drink/,,cafe,New Zealand,ChIJo4Nz2xdSMG0R_1sRlN3f0wU,-42.879412,172.755761
Breaking Bread Cafe,breaking-bread-cafe,Corner of New Castle st and Great South Rd,Ngaruawahia,Ngaruawahia,,NZ,6011,07 949 8141,https://www.facebook.com/breakingbreadcafeandeatery/,breaking_bread_cafe,cafe,New Zealand,,-37.6668124,175.1484954
Taper,taper,218 Oxford St,Levin,Levin,,NZ,5010,06 3686032,https://www.facebook.com/tapereatery/,taper_eatery,"cafe,stockist",New Zealand,EjIyMTggT3hmb3JkIFN0LCBIb3Jvd2hlbnVhLCBMZXZpbiA1NTEwLCBOZXcgWmVhbGFuZCIbEhkKFAoSCfPJZwRZ80BtEY93q7iOD_oHENoB,-40.6224275,175.2863688
Red Kitchen Metro - Hamilton,red-kitchen-metro-hamilton,6/113 Alexandra Street,Hamilton,Hamilton,,NZ,5010,07-949 8363,https://redkitchen.co.nz/,,"cafe,stockist",New Zealand,ChIJvRlO558ZbW0Rj8O5BuDJ86U,-37.7887248,175.2822588
Friday I'm In Love ,friday-i-m-in-love,"Ground Floor GHD Building, 27 Napier St",Auckland,Auckland,,NZ,,09 360 0985,,fridayiminlovecafe,cafe,New Zealand,ChIJmf_RSh9HDW0RmKmpMn3sLt0,-36.8505318,174.7529538
The Container ,the-container,53 May Road,Auckland,Auckland,,NZ,5010,021 296 8507,,,cafe,New Zealand,ChIJ6RIJxWNGDW0RMFKDjkNIPA4,-36.9083546,174.7349682
Mr Milton's Canteen,mr-milton-s-canteen,127 Alexandra Street,Hamilton,Hamilton,,NZ,5010,07 838 2942,http://www.miltonscanteen.co.nz/,miltonscanteen,"cafe,stockist",New Zealand,ChIJvStzV6UYbW0R9-yPk4VHnJY,-37.7886544,175.2820272
Gipsy Kitchen The Kiosk,gipsy-kitchen-the-kiosk,Left Bank Lane,Wellington,Wellington,,NZ,5040,021 822 115,https://m.facebook.com/Gipsy-Kitchen-166251323428395/,,cafe,New Zealand,ChIJNzNmy9uvOG0RdKMImj2sTfE,-41.2926053,174.7758423
Ilex Cafe,ilex-cafe,"Christchurch Botanical Gardens visitor centre,",Christchurch,Christchurch,,NZ,8011,03-941 5556,http://www.goodcompany.nz/,goodcompanynz,cafe,New Zealand,ChIJNROJT0GKMW0RpWFkfrIhcT4,-43.5302713,172.6210494
Coffee Central,coffee-central,4 Vulcan Lane,Auckland Central,Auckland Central,,NZ,5034,022 010 8727,,,cafe,New Zealand,ChIJL88OCvtHDW0RReUUSXfdc1w,-36.8469993,174.7662295
The Rusty Tractor,the-rusty-tractor,582 Kerikeri Road,Kerikeri,Kerikeri,,NZ,5010,09 407 3322,https://www.therustytractorcafe.co.nz/,,cafe,New Zealand,ChIJQ9trMwi4C20RbEmH-SDY6p4,-35.2522876,173.9330091
New World Victoria Park ,new-world-victoria-park,2 College Hill,Auckland,Auckland,,NZ,5010,09 307 8400,http://www.newworld.co.nz/,,stockist,New Zealand,ChIJiXdjaY1HDW0RM-Js7mMZFks,-36.8485776,174.7512366
Paddock ,paddock,46A Victoria Street,Cambridge,Cambridge,,NZ,5010,07 827 4232,https://www.paddockcambridge.co.nz/,,"cafe,stockist",New Zealand,ChIJoQiT8Xz9bG0RlI1O9EG-OCg,-37.8951416,175.4705199
Cave a Vin,cave-a-vin,146 Kitchener Rd,Auckland,Auckland,,NZ,8022,027 212 0666,http://caveavin.co.nz/,caveavinnz,cafe,New Zealand,ChIJp6Zm4sE5DW0RreFRil1ULao,-36.773083,174.7661155
New World Miramar ,new-world-miramar,48 Miramar Avenue,Wellington,Wellington,,NZ,5010,04 499 9041,http://www.newworld.co.nz/,,stockist,New Zealand,ChIJjT_no4KvOG0Rq_YVjIE9HPc,-41.3160808,174.8143186
Mr Pickles,mr-pickles,298 Victoria St (Down the lane),Hamilton,Hamilton,,NZ,5010,07-839 7989,http://www.mrpickles.co.nz/,mrpicklesnz,cafe,New Zealand,ChIJnbfWuLoYbW0RcVUc7zkuzVI,-37.7877334,175.2835388
Just Like Martha,just-like-martha,985 Mt Eden Road,Auckland,Auckland,,NZ,,021 08268150,,justlikemarthacafe,cafe,New Zealand,ChIJh5DnELZHDW0RH-Z0bJcwQL4,-36.9039324,174.759204
Los Banditos,los-banditos,19 Blair Street,Wellington,Wellington,,NZ,,04-801 8046,https://www.losbanditos.co.nz/,losbanditoswellington,cafe,New Zealand,ChIJZ9S1OTqvOG0RqAHghpIU-rw,-41.2933809,174.7833346
Earth and Sky - Dark Sky Diner,earth-and-sky-dark-sky-diner,1 Motuariki Lane,Lake Tekapo,Lake Tekapo,,NZ,8023,03 680 6960,https://www.darkskyproject.co.nz/?utm_source=google&amp;utm_medium=organic&amp;utm_campaign=Google%20My%20Business,darkskyprojectnz,cafe,New Zealand,ChIJz2FYXe2fK20RX5CcyHChhYY,-44.0040369,170.4778891
New World Long Bay ,new-world-long-bay,55b Glenvar Ridge Road,Auckland,Auckland,,NZ,5010,09-869 4577,https://www.ishopnewworld.co.nz/,,stockist,New Zealand,ChIJjVtzte47DW0RHr1utqCB3cs,-36.6855073,174.7395226
New World Eastridge,new-world-eastridge,209 Kepa Road,Auckland,Auckland,,NZ,5010,09-521 4680,http://www.newworld.co.nz/,,stockist,New Zealand,ChIJI2LZHsdJDW0Rrc6pc75hoj8,-36.860965,174.829292
Kings Plant Barn Botany,kings-plant-barn-botany,280 Botany Road,Auckland,Auckland,,NZ,,09 410 9726,http://www.kings.co.nz/,,cafe,New Zealand,ChIJscgBMWRLDW0Rh7sUgZRiaig,-36.923344,174.9136042
New World Stonefields ,new-world-stonefields,100 Lunn Avenue,Auckland,Auckland,,NZ,5010,09 572 8840,http://www.newworld.co.nz/,,stockist,New Zealand,ChIJy2XZjgtJDW0Rk0XhXe_9cqI,-36.8901864,174.8319201
New World St Martins,new-world-st-martins,92 Wilsons Road,Christchurch,Christchurch,,NZ,5010,03-337 0811,http://www.newworld.co.nz/south-island/canterbury/st-martins/,,cafe,New Zealand,ChIJ6z5xhVYnMm0R__YVhw5SWmE,-43.5581624,172.6545312
Fraser's Cafe,frasers-cafe,141 Bethlehem Road,Tauranga,Tauranga,,NZ,5010,0800 887779,http://bethlehemshores.co.nz/,,cafe,New Zealand,ChIJKZwC9TjbbW0RkPDPp9TxffI,-37.6824247,176.1066239
New World Remuera,new-world-remuera,10 Clonbern Road,Auckland,Auckland,,NZ,5010,09 5203559,http://www.newworld.co.nz/upper-north-island/auckland/remuera/,,stockist,New Zealand,ChIJM5y2E19IDW0RK8w5ZCyg7_4,-36.8819007,174.7976545
Peak House,peak-house,357 Te Mata Peak Rd,Parkvale,Havlock North,,NZ,4130,,https://www.thepeakhouse.co.nz/,peakhousenz,cafe,New Zealand,ChIJw9IZ-FQzaG0Rywhx1kM90d8,-39.695762,176.905748
Fresca Mediterranean,fresca-mediterranean,7/188 Hight St,Rangiora,Rangiora,,NZ,7400,03 310 7020,https://www.mediterraneanfoods.co.nz/,frescamediterranean,"cafe,stockist",New Zealand,ChIJ4SRwlpKUMW0RRP9zD3N9NJQ,-43.30363,172.593392
Alphabet Cafe,alphabet-cafe,243 Boundary St,West End,West End,QLD,AUSTRALIA,4101,0409 432 547,http://facebook.com/alphabetcafe12,alphabetcafe,"cafe,stockist",Australia,ChIJ3566LQhakWsR7Q5qwvC7-Rs,-27.4831095,153.0113919
Amandhi's,,Shop 1/ 35 Camp Street,Beechworth,Beechworth,VIC,AUSTRALIA,3747,,,,"cafe,stockist",Australia,,,
Atticus Finch Cafe,atticus-finch-cafe,83 LaTrobe Terrace,Paddington,Paddington,QLD,AUSTRALIA,4064,(07) 3367 2448,https://www.facebook.com/atticusfinchcafe/,atticusfinchcafe,"cafe,stockist",Australia,ChIJl0WxM7NQkWsRdG2oA8J1JR4,-27.4586439,152.9990989
Bar Lourinha,bar-lourinha,37 Little Collins St,Melbourne,Melbourne,VIC,AUSTRALIA,3000,(03) 9663 7890,http://www.barlourinha.com.au/,bar_lourinha,cafe,Australia,ChIJ-dMSJsZC1moRBR6RQKxblbI,-37.812765,144.972476
Barkley Johnson,barkley-johnson,11 Anderson St,Yarraville,Yarraville,VIC,AUSTRALIA,3013,(03) 9687 6663,,,"cafe,stockist",Australia,ChIJFYHzL0Nn1moR6mud7cTLRbc,-37.8168876,144.8917972
Batch Espresso,batch-espresso,"Shop 1 , 320 Carlisle St",Balaclava,Balaclava,VIC,AUSTRALIA,3183,(03) 9530 3550,,batchespresso,"cafe,stockist",Australia,ChIJdfVEl09o1moRAmW28vBqdqI,-37.8688315,144.9952419
Bean Squeeze Barwon Heads - Grayling St,bean-squeeze-barwon-heads-grayling-st,39 Grayling St,Belmont,Belmont,VIC,AUSTRALIA,3216,(03) 5243 0080,http://www.beansqueeze.com/,beansqueeze,cafe,Australia,ChIJdaFbJoQU1GoRXrpSwQUacZU,-38.184297,144.354091
Bean Squeeze Bellarine Newcomb,bean-squeeze-bellarine-newcomb,114 Bellarine Hwy,Newcomb,Newcomb,VIC,AUSTRALIA,3219,(03) 5248 8433,http://www.beansqueeze.com/,beansqueeze,cafe,Australia,ChIJKXD6bckV1GoROVV5nRGYIFo,-38.172447,144.396907
Bean Squeeze High Street,bean-squeeze-high-street,322-328 High St,Belmont,Belmont,VIC,AUSTRALIA,3216,(03) 5244 0090,http://www.beansqueeze.com/,beansqueeze,cafe,Australia,ChIJw-qOaGoT1GoRPApABtkW9FQ,-38.1879785,144.3286618
Bean Squeeze Melbourne Rd,bean-squeeze-melbourne-rd,440-450 Melbourne Rd,Norlane,Norlane,VIC,AUSTRALIA,3214,(03) 5278 4981,http://www.beansqueeze.com/,beansqueeze,cafe,Australia,ChIJhwHN0i4X1GoRB6mQJ4WMjWo,-38.1008224,144.3544294
Bean Squeeze Mercer St,bean-squeeze-mercer-st,111 Mercer St,Geelong,Geelong,VIC,AUSTRALIA,3220,(03) 5222 6223,http://www.beansqueeze.com/,beansqueeze,cafe,Australia,ChIJP3NttgIU1GoRRwoJ4dVpSa8,-38.144647,144.3572608
Bean Squeeze Portarlington Rd,bean-squeeze-portarlington-rd,1a Coppards Rd,Geelong,Geelong,VIC,AUSTRALIA,3221,(03) 5248 1486,http://www.beansqueeze.com/,beansqueeze,cafe,Australia,ChIJ1fDl29gV1GoRHbmhP3boWHQ,-38.1625281,144.4051937
Bean Squeeze Shannon Ave,bean-squeeze-shannon-ave,251-255 Shannon Ave,Geelong West,Geelong West,VIC,AUSTRALIA,3218,(03) 5222 7164,http://www.beansqueeze.com/,beansqueeze,cafe,Australia,ChIJp_vrUeUT1GoRtU4zbasKfeA,-38.1446652,144.3353956
Bean Squeeze Torquay Rd,bean-squeeze-torquay-rd,179-181 Torquay Rd,Grovedale,Grovedale,VIC,AUSTRALIA,3216,(03) 5245 8664,http://www.beansqueeze.com/,beansqueeze,cafe,Australia,ChIJkxNOol4T1GoRl67z3ETuL40,-38.1971115,144.3417467
Bean to Melbourne - Carts,bean-to-melbourne-carts,37 Little Leveson Street,North Melbourne,North Melbourne,VIC,AUSTRALIA,3051,0450 595 889 ,,beantocoffee,cafe,Australia,ChIJhytWtTBd1moROWjJxJUNwX8,-37.8039982,144.9515825
Bean to Melbourne - The Smith,bean-to-melbourne-the-smith,24 Villiers St,North Melbourne,North Melbourne,VIC,AUSTRALIA,3051,(03) 9328 3021,http://www.lortsmith.com/,beantocoffee,cafe,Australia,ChIJpelj0zFd1moRFAnIe4YKL48,-37.8000263,144.9532338
Bel Cibo,bel-cibo,26-30 Saltwater Macrossan St,Port Douglas,Port Douglas,QLD,AUSTRALIA,4877,(07) 4099 6330,https://belcibo.com.au/,,cafe,Australia,ChIJo0HV0XWogmkRONqNNaE6N3U,-16.4823157,145.4641846
Best Wishes Coffee,best-wishes-coffee,Shop 9/2 Cantonment St,Freemantle,Freemantle,WA,AUSTRALIA,6160,0434 966 405,https://www.facebook.com/bestwishescoffee/,,cafe,Australia,ChIJyYbhRGWhMioRYl8ViNH914U,-32.0533277,115.7462862
Black Box Coffee,black-box-coffee,"Unit 2, 19 Beeston St",Teneriffe,Teneriffe,QLD,AUSTRALIA,4005,0435 609 596,,,cafe,Australia,Ei4yLzE5IEJlZXN0b24gU3QsIFRlbmVyaWZmZSBRTEQgNDAwNSwgQXVzdHJhbGlhIh0aGwoWChQKEgl1FzxnjlmRaxH3oHC3fhuQfRIBMg,-27.4593722,153.0455532
Black Cat Cafe,black-cat-cafe,252 Brunswick St,Fitzroy,Fitzroy,VIC,AUSTRALIA,3065,(03) 9419 6230,http://www.blackcatfitzroy.com/,blackcatfitzroy,"cafe,stockist",Australia,ChIJW1fHRd9C1moRBzTQktK3f_U,-37.79994430000001,144.978401
Bossy Boots,bossy-boots,106 Bay St,Brighton,Brighton,VIC,AUSTRALIA,3186,(03) 9596 6825,http://www.bossyboots.com.au/,bossybootscafe,cafe,Australia,ChIJXSS2Itto1moRojXlWi06k-Q,-37.904792,144.995554
Brown Bagels,brown-bagels,Shop 10 330 Collins St,Melbourne,Melbourne,VIC,AUSTRALIA,3000,(03) 9670 9114,https://www.facebook.com/brownbagels,brownbagels,cafe,Australia,ChIJY34J9LRC1moRs6JlAxXdsvE,-37.816211,144.9632531
By the Bridge (BTB),by-the-bridge-btb,2 Ennis Rd,Milsons Point,Milsons Point,NSW,AUSTRALIA,2061,0424 215 516,https://www.btbkirribilli.sydney/,btbkirribilli,"cafe,stockist",Australia,ChIJGQZFBYuuEmsRftCM4YIzHCY,-33.8461353,151.212407
Cafe Cody,cafe-cody,9 Saltfleet St,Port Noarlunga,Port Noarlunga,SA,AUSTRALIA,5167,(08) 8382 3847,http://cafecody.com.au/,cafecody,"cafe,stockist",Australia,ChIJqxpmfFAhsWoR6xCEI9m2arc,-35.1486077,138.4691629
Cafe Augusta,,260 Collins Street,Melbourne,Melbourne,VIC,AUSTRALIA,3000,,,,Cafe,Australia,,,
Ceres Community Environment Park - Merri Table,ceres-community-environment-park-merri-table,8 Lee St,Brunswick East,Brunswick East,VIC,AUSTRALIA,3057,(03) 9389 0100,http://ceres.org.au/,ceresbrunswick,cafe,Australia,ChIJP7RbKV5D1moRwkhnnv8fdkE,-37.7665985,144.9832879
Chocilo,chocilo,244 Waterdale Rd,North Ivanhoe Vic,North Ivanhoe Vic,VIC,AUSTRALIA,3079,(03) 9499 7023,http://www.chocilo.com.au/,chocilo_melbourne,cafe,Australia,ChIJF4KDjyZE1moR4KmkrT0MhRE,-37.7588685,145.0444927
Chomp,chomp,1 Trenery Cres,Cremorne,Cremorne,VIC,AUSTRALIA,3067,03 9486 0824,,,stockist,Australia,ChIJ4UfzJwRD1moRoQy4a-uSbq8,-37.799977,144.999822
Cinema Nova,cinema-nova,380 Lygon St,Carlton,Carlton,VIC,AUSTRALIA,3053,(03) 9347 5331,http://www.cinemanova.com.au/,cinemanova,cafe,Australia,ChIJX6cjotZC1moRppz20GUm5sc,-37.7981075,144.9682398
Cuppa Joe Coffee,cuppa-joe-coffee,135 Cremorne St,Cremorne,Cremorne,VIC,AUSTRALIA,3121,0431 241 982,http://cuppajoecoffee.com.au/,cuppajoe_coffee,"cafe,stockist",Australia,ChIJ_1Vf5JBC1moRAnUov0ptnG0,-37.8293062,144.9907445
Four Larks,four-larks,4/661-663 Victoria St,Abbotsford,Abbotsford,VIC,AUSTRALIA,3067,(03) 9428 7712,,fourlarkscafe,"cafe,stockist",Australia,ChIJ63vhOVNC1moR5ry62w6G7ro,-37.811478,145.012322
Front Cafe,front-cafe,242 Lygon St,Carlton,Carlton,VIC,AUSTRALIA,3053,(03) 9663 3577,http://www.frontcookingschool.vic.edu.au/,,cafe,Australia,ChIJywx4Y9FC1moRpwsdUeM5pqU,-37.8015024,144.9672713
Geelong West Social Club,geelong-west-social-club,1B Yuille St,Geelong West,Geelong West,VIC,AUSTRALIA,3218,0409 916 924,,geelongwestsocialclub,"cafe,stockist",Australia,ChIJzyo_iAAU1GoRH-3HAMElUl4,-38.1425586,144.3476568
Goodies Takeaway,goodies-takeaway,215 Balaclava Rd,North Caulfield,North Caulfield,VIC,AUSTRALIA,3161,9531 3550,,goodiestakeaway,"cafe,stockist",Australia,ChIJJzjPBr9p1moRQ4gu2jRleys,-37.872798,145.024229
Gourmet Larder,gourmet-larder,57A Vincent St,Daylesford,Daylesford,VIC,AUSTRALIA,3460,(03) 5348 4700,http://larderdaylesford.com.au/,larder_daylesford,"cafe,stockist",Australia,ChIJwZINMJbT1moRiBCuxv43GXo,-37.3428054,144.1426636
Green Glass,green-glass,"Level 1, 336 George St",Brisbane,Brisbane,QLD,AUSTRALIA,4000,0403 966 671,http://www.greenglasswine.com/,Greenglass336,cafe,Australia,ChIJq6peEQRakWsRjSbi7Cj_O2g,-27.4693773,153.0217254
Harper's Kitchen,harper-s-kitchen,78 Inkerman St,St Kilda,St Kilda,VIC,AUSTRALIA,3182,(03) 9537 0450,http://harperskitchen.com.au/,harperskitchen,cafe,Australia,ChIJyyc-YUJo1moRSglrPyfxHJA,-37.8640232,144.9844614
Hellas Cake Shop,hellas-cake-shop,322 Lennox St,Richmond,Richmond,VIC,AUSTRALIA,3121,(03) 9428 6805,http://www.hellascakes.com.au/,hellascakes,cafe,Australia,ChIJgy3JjpJC1moRq4wUand9YZY,-37.824838,144.9932388
Incy Wincy,incy-wincy,"Shop 12, 5-7 Kilvington Drive",Emerald,Emerald,VIC,AUSTRALIA,3782,0413 344 200,https://www.incywincy.com.au/,incywincyemerald,"cafe,stockist",Australia,ChIJDYRw2SMh1moRAfXDAOSuvRI,-37.933142,145.441322
Jacobs Ladder,jacobs-ladder,8/66 Condamine St,Runcorn,Runcorn,QLD,AUSTRALIA,4113,(07) 3076 8211,https://www.facebook.com/Jacobs-Ladder-Cafe-1047394175394254/,jacobs_ladder_cafe,"cafe,stockist",Australia,ChIJQ6JR0lNEkWsRDHc_2MSNYdY,-27.6107762,153.0668897
Jungle Juice,jungle-juice,20 Centre Pl,Melbourne,Melbourne,VIC,AUSTRALIA,3000,(03) 9639 8779,,junglejuicebar,cafe,Australia,ChIJQWunObRC1moREmlWbJ9xtP4,-37.8167121,144.9656432
Parco,parco,2 Argyle Place,South Carlton,South Carlton,VIC,AUSTRALIA,3053,0407 221 442,http://www.parco.com.au/,parcocarlton,"cafe,stockist",Australia,ChIJwaWOhHtD1moRLnQwXZFQaJg,-37.8033965,144.965873
Kelso's Sandwich Shoppe,kelso-s-sandwich-shoppe,271 Johnston St,Melbourne,Melbourne,VIC,AUSTRALIA,3067,(03) 9495 6268,http://www.kelsossandwiches.com/,kelsossandwiches,"cafe,stockist",Australia,ChIJGzFpqhxD1moR77OIpPihfOY,-37.800263,144.995541
Koy Restaurant PL,koy-restaurant-pl,"Stall 98, 116-136 Cecil St",South Melbourne,South Melbourne,VIC,AUSTRALIA,3205,9696 9640,,koyrestaurant,"cafe,stockist",Australia,Ej5TdGFsbCA5OC8xMTYtMTM2IENlY2lsIFN0LCBTb3V0aCBNZWxib3VybmUgVklDIDMyMDUsIEF1c3RyYWxpYSIkGiIKFgoUChIJ23qH6f5n1moRhhUPjN-CrSkSCFN0YWxsIDk4,-37.8322517,144.9565883
Lafayette Fine Foods,lafayette-fine-foods,355 New St,Brighton,Brighton,VIC,AUSTRALIA,3186,(03) 9596 1867,http://www.lafayettefinefoods.com.au/,lafayettefinefoodsmelbourne,"cafe,stockist",Australia,ChIJoWvhu8Ro1moRoV9mQnGXSgE,-37.90312000000001,144.9930685
Le Peche Gourmand,le-peche-gourmand,69a Albert St,Creswick,Creswick,VIC,AUSTRALIA,3363,5345 2731,http://www.lepechegourmand.com.au/,lepechegourmand,"cafe,stockist",Australia,ChIJ8fUeqMw50WoRCZ7OLUNCpo4,-37.423879,143.894377
Lighthouse Tea Rooms,,7 Federal Street,Aireys Inlet,Aireys Inlet,VIC,AUSTRALIA,3231,0438609257,,,Cafe,Australia,,,
Lilo Cafe,lilo-cafe,1/725 The Esplanade,Mornington,Mornington,VIC,AUSTRALIA,3931,(03) 5975 0165,http://www.lilocafe.com.au/,lilocafe,"cafe,stockist",Australia,ChIJ061UnV_Z1WoRdIusMFD033U,-38.2262119,145.030053
Maillard,maillard,2/347 St Georges Rd,Fitzroy North,Fitzroy North,VIC,AUSTRALIA,3068,0402 410 695,http://instagram.com/cafe.maillard,http:instagram.comcafe.maillard,"cafe,stockist",Australia,ChIJIyU2yGtD1moR6Kx-jaG4ZF8,-37.7795944,144.9867356
Master of None,master-of-none,57B Station St,Malvern,Malvern,VIC,AUSTRALIA,3144,(03) 9576 2158,http://masterofnone.com.au/,,"cafe,stockist",Australia,ChIJz7K9qOlp1moR7gIysMsJAI8,-37.8660172,145.0296481
Medhurst Cellar Door and More,medhurst-cellar-door-and-more,24-26 medhurst Rd,Coldstream,Coldstream,VIC,AUSTRALIA,3770,(03) 5964 9022,http://www.medhurstwines.com.au/,,cafe,Australia,ChIJnwEd1-cq1moRRMN2a1LKDVA,-37.71887299999999,145.4570571
Mister Brightside,mister-brightside,"Shop 1, 187-189 Booran Rd",Caulfield South,Caulfield South,VIC,AUSTRALIA,3162,(03) 9576 9588,http://misterbrightside.com/,cafe_brightside,"cafe,stockist",Australia,ChIJL4k3GXdp1moRx5sxIDCAgIM,-37.8964674,145.0359916
Migrant Coffee,,"Shop 3, 576 Barkley Street",West Footscray,West Footscray,VIC,AUSTRALIA,3011,0456 831 203,,,"cafe,stockist",Australia,,,
Moons Espresso Bar,moons-espresso-bar,108 Mount Joy Parade,Lorne,Lorne,VIC,AUSTRALIA,3232,0420 276 009,https://www.facebook.com/pages/Moons-Licensed-Espresso-Bar/151388288234772,,"cafe,stockist",Australia,ChIJf1cblsBk02oRJPE7HrO0iNA,-38.5402257,143.9749692
Mr Burch,mr-burch,129 McKinnon Rd,McKinnon,McKinnon,VIC,AUSTRALIA,3204,(03) 9503 4312,http://www.mrburch.com.au/,mrburchcafe,"cafe,stockist",Australia,ChIJB7cCRGhp1moR8waP-MxzEyc,-37.9106919,145.0365572
Mr Sister Coffee,mr-sister-coffee,Shop 2150 Westfield Kotara,Kotara,Kotara,NSW,AUSTRALIA,2289,(02) 4957 8542,https://www.facebook.com/mrsistercoffee/,mrsistercoffee,"cafe,stockist",Australia,ChIJZ2hEO_0Vc2sRHnb7gvFlevQ,-32.9427431,151.7111352
My Sister Says Cafe,my-sister-says-cafe,118 Bridge St,Port Melbourne,Port Melbourne,VIC,AUSTRALIA,3207,(03) 9646 3792,https://m.facebook.com/mysistersays/,mysistersayscafe,"cafe,stockist",Australia,ChIJ7V4WNOxn1moR8Jd2o1EPznQ,-37.836516,144.943575
Neon Tiger,neon-tiger,1252 Malvern Rd,Malvern,Malvern,VIC,AUSTRALIA,3144,(03) 9824 5518,http://www.neontiger.com.au/,neontiger_cafe,cafe,Australia,ChIJwWOywwhC1moRfn1OhWnn_5k,-37.8526824,145.036456
North Island Cafe,north-island-cafe,111 Scotchmer St,Fitzroy North,Fitzroy North,VIC,AUSTRALIA,3068,(03) 9486 8864,,,"cafe,stockist",Australia,ChIJwZ-d5z9D1moR9JhatFi-AJs,-37.783012,144.982691
Olive at Loch,olive-at-loch,38 Victoria Rd,Loch,Loch,VIC,AUSTRALIA,3945,0417 381 962,http://oliveloch.com.au/,,cafe,Australia,ChIJk3MeE873KWsR9EBihNn_KBY,-38.36902449999999,145.7069272
Occident ,,21 Anderson Street,Yarraville,Yarraville,VIC,AUSTRALIA,3013,9362 0935,,,Cafe,Australia,,,
On The Bite,on-the-bite,215 River St,Maclean,Maclean,NSW,AUSTRALIA,2463,(02) 6645 4488,,onthebitecafe,cafe,Australia,ChIJ9zHVXmM1mmsR_RZp-hKucV4,-29.4560567,153.1972833
Our Kitchenette,our-kitchenette,217 Riversdale Rd,Hawthorn,Hawthorn,VIC,AUSTRALIA,3122,(03) 9939 9340,http://www.ourkitchenette.com.au/,ourkitchenette,cafe,Australia,ChIJ02PiTi9C1moRexwAD7p9cIc,-37.82968640000001,145.0435012
Oxford Larder,oxford-larder,18 Peel St,Collingwood,Collingwood,VIC,AUSTRALIA,3066,(03) 9417 3675,http://oxfordlarder.com.au/,oxfordlarder,"cafe,stockist",Australia,ChIJo8Jtx-BC1moRa6FPhV_QnHo,-37.8049789,144.9848965
Papercup Coffee,papercup-coffee,Shop 1/16 Frank St,Labrador,Labrador,QLD,AUSTRALIA,4215,0490 089 438,https://www.facebook.com/gcpapercup/,papercup.coffee.goldcoast,"cafe,stockist",Australia,ChIJI3nARsIPkWsRsY8heAQdwYU,-27.9535256,153.4076392
Pier Provedore Flinders,pier-provedore-flinders,38 Cook St,Flinders,Flinders,VIC,AUSTRALIA,3929,(03) 5989 0591,,pierprovedoreflinders,"cafe,stockist",Australia,ChIJGxjYeuW41WoRA_5x5FG9BoI,-38.473758,145.018348
Pier Street Kitchen,pier-street-kitchen,19 Pier St,Dromana,Dromana,VIC,AUSTRALIA,3936,(03) 5981 4666,https://www.pierstreetkitchen.com.au/,pierstreetkitchen,"cafe,stockist",Australia,ChIJtw2Tb4vF1WoR2js1iUjlQe8,-38.3331242,144.9660634
Porter Republic,porter-republic,117 Marine Parade,San Remo,San Remo,VIC,AUSTRALIA,3922,(03) 5678 5524,,porterrepublic,cafe,Australia,ChIJH7TuhaXz1WoR2sX5NOmoJ9A,-38.5210397,145.3700967
Pyrenees Pantry,pyrenees-pantry,44 Neill St,Beaufort,Beaufort,VIC,AUSTRALIA,3373,(03) 5349 2002,http://pyreneespantry.com.au/,pyreneespantry,cafe,Australia,ChIJfQ9iHq2C0WoRO4Togxh85VQ,-37.4296563,143.38353
Raw Chocolate,raw-chocolate,3745 Point Nepean Rd,Portsea,Portsea,VIC,AUSTRALIA,3944,03 5984 3010,,raw_chocolate,cafe,Australia,ChIJbXY8ncE11GoRFBQjgUrtk0g,-38.320555,144.714502
Reverends Coffee,reverends-coffee,372 Brunswick St,Fortitude Valley,Fortitude Valley,QLD,AUSTRALIA,4006,0419 484 439,https://www.facebook.com/reverendsfinecoffee/menu/,reverendsfinecoffeeandbar,"cafe,stockist",Australia,ChIJg_qaDvNZkWsRfVKCVR6tmF4,-27.4588269,153.0356708
River La Vie,river-la-vie,101/197 King Arthur Terrace,Tennyson,Tennyson,QLD,AUSTRALIA,4105,(07) 3392 6265,http://www.riverlavie.com.au/,riverlavie,cafe,Australia,ChIJi4K-SHNQkWsRuE77DZ_JQLA,-27.5243528,153.0080894
Royal Mail Hotel,royal-mail-hotel,102 Parker St,Dunkeld,Dunkeld,VIC,AUSTRALIA,3294,(03) 5577 2241,http://www.royalmail.com.au/,royalmailhotel,cafe,Australia,ChIJtatuYbiizWoRLe-nkEhygMY,-37.6490484,142.3402533
Scout,scout,190 Petrie Terrace,Petrie Terrace,Petrie Terrace,QLD,AUSTRALIA,4000,(07) 3367 2171,http://www.scoutcafe.com.au/,scoutcafebrisbane,"cafe,stockist",Australia,ChIJb2YEr6pQkWsR9Lx8ph0liE8,-27.4618493,153.0142749
Servery &amp; Spoon,servery-spoon,137 Waverley Rd,Malvern East,Malvern East,VIC,AUSTRALIA,3145,9571 7495,,serveryandspoon,"cafe,stockist",Australia,ChIJdTObivVp1moR6f7zT0eHUL4,-37.875974,145.049281
Son of a Burch,son-of-a-burch,169 McKinnon Rd,Mckinnon,Mckinnon,VIC,AUSTRALIA,3204,(03) 8525 9809,http://sonofaburch.com.au/,sonofaburchcafe,"cafe,stockist",Australia,ChIJZ_YYemhp1moR5hDHSXDqr5I,-37.910886,145.0379149
Sorsi e Morsi,sorsi-e-morsi,31 Blessington St,St Kilda,St Kilda,VIC,AUSTRALIA,3182,(03) 9593 6033,http://www.sorsiemorsi.com.au/,icarusi2_sorsiemorsi,"cafe,stockist",Australia,ChIJrQ8mJ2Fo1moR0yPBQJx_qaA,-37.87072,144.9803111
South of Johnston,south-of-johnston,46 Oxford St,Collingwood,Collingwood,VIC,AUSTRALIA,3066,(03) 9417 2741,http://southofjohnston.com.au/,southofjohnston,cafe,Australia,ChIJDeqOSudC1moRLCC-gjbUWow,-37.805999,144.984621
Spring Hill Deli and Produce,spring-hill-deli-and-produce,"Shop 1+2, 537 Boundary St",Spring Hill,Spring Hill,QLD,AUSTRALIA,4000,(07) 3161 3031,https://www.springhilldeli.com/,springhilldeliandcafe,cafe,Australia,ChIJ5cMQKPlZkWsRcRsbE5S_Mjs,-27.4602798,153.0212933
Start Cafe,start-cafe,96 Humffray St,Ballarat East,Ballarat East,VIC,AUSTRALIA,3350,0477 567 773,http://www.facebook.com/startcafeballarat/,cafestart,"cafe,stockist",Australia,ChIJmcPX061F0WoRza4QDz0op2o,-37.5581453,143.872142
Stray Neighbour,stray-neighbour,463-467 Plenty Rd,Preston,Preston,VIC,AUSTRALIA,3072,(03) 9471 1420,http://strayneighbour.com.au/,strayneighbour,cafe,Australia,ChIJ-cNSFFNE1moRSZP1ftyxjg8,-37.737046,145.0121706
Surabing,surabing,Shop 1A Market Square,Sunnybank,Sunnybank,QLD,AUSTRALIA,4108,07 3274 1700,https://m.facebook.com/pages/Market-Square/134595519921371,,cafe,Australia,ChIJYbZAAtlEkWsRvHGG_YDVjb0,-27.5727179,153.0651799
Switchboard Barista Pty Ltd,switchboard-barista-pty-ltd,"Shop 11 &amp; 12, 220 Collins St",Melbourne,Melbourne,VIC,AUSTRALIA,3000,0473 115 824,,switchboardcafe,cafe,Australia,EjVTaG9wIDExLzIyMCBDb2xsaW5zIFN0LCBNZWxib3VybmUgVklDIDMwMDAsIEF1c3RyYWxpYSIjGiEKFgoUChIJ2f1s27VC1moRMGBHZbpWtngSB1Nob3AgMTE,-37.8132125,144.9731659
Tana Cafe,tana-cafe,36 Church St,Hawthorn,Hawthorn,VIC,AUSTRALIA,3122,0421 965 656,http://facebook.com/tanacafe,tana_cafe,"cafe,stockist",Australia,ChIJoTFkV0tC1moRvzQQRFLGgQA,-37.814445,145.021958
The Corner Cafe On Woodland,the-corner-cafe-on-woodland,62-64 Woodlands St,Strathmore,Strathmore,VIC,AUSTRALIA,3041,(03) 9374 4757,http://www.thecornercafe.net.au/,thecornercafeonwoodland,"cafe,stockist",Australia,ChIJ8RpbQH1b1moRyUOIFdxB6KU,-37.743149,144.926952
The Essential Ingredient,the-essential-ingredient,25 Jardine St,Kingston,Kingston,ACT,AUSTRALIA,2604,(02) 6295 7148,https://www.essentialingredient.com.au/,esntlingredient,"cafe,stockist",Australia,ChIJfSIqkPxMFmsRKuJZm7mmZB4,-35.3152785,149.1420711
The Fresh Food Merchant,the-fresh-food-merchant,138 Malop St,Geelong,Geelong,VIC,AUSTRALIA,3220,(03) 5229 7402,http://thefreshfoodmerchant.com.au/,thefreshfoodmerchant,"cafe,stockist",Australia,ChIJOyxghh4U1GoR9oQ3LX6yUi4,-38.1484095,144.3635837
The General Food Store,the-general-food-store,377 Main St,Emerald,Emerald,VIC,AUSTRALIA,3782,(03) 5968 3580,http://thegeneralfoodstore.com.au/,http:instagram.comthegeneralfoodstore,"cafe,stockist",Australia,ChIJJ3Vm0Sch1moRWeLO2K-b1-4,-37.9320424,145.4413208
The Hunting Ground,the-hunting-ground,"Shop 3, 102 York St",Sale,Sale,VIC,AUSTRALIA,3850,(03) 5144 4709,,,"cafe,stockist",Australia,ChIJJ4LeuAgvL2sRW_mQtebk_o4,-38.110326,147.068757
The Jam Pantry,the-jam-pantry,2/575 Logan Rd,Greenslopes,Greenslopes,QLD,AUSTRALIA,4120,(07) 3158 9570,http://www.thejampantry.com.au/,thejampantry,"cafe,stockist",Australia,ChIJBQ91V1dakWsRxXP2H9MWf4I,-27.5074942,153.0502879
The Local,the-local,313 Lydiard St North,Soldiers Hill,Soldiers Hill,VIC,AUSTRALIA,4059,5332 3640,http://www.localcafeballarat.com/,the_local_cafe_ballarat,cafe,Australia,ChIJKWK-31BE0WoRhQHJpu2_jak,-37.5550101,143.8588049
The Lodge,the-lodge,976 Waterworks Rd,Brisbane,Brisbane,QLD,AUSTRALIA,4061,0410 114 113,https://m.facebook.com/pages/category/Coffee-Shop/The-Lodge-1430543080503068/,thelodgecafe,"cafe,stockist",Australia,ChIJaUFNs81WkWsRVGqPxg1CUCs,-27.4453246,152.9529336
The Long Yard Larder,the-long-yard-larder,2/37 Main St,Samford Village,Samford Village,QLD,AUSTRALIA,4053,(07) 3289 3516,,thelongyardlarder,"cafe,stockist",Australia,ChIJHXN335dVkWsRUex5IImiGY8,-27.3697434,152.8869587
The Paddock Cafe,the-paddock-cafe,420 Wallington Rd,Wallington,Wallington,VIC,AUSTRALIA,3222,(03) 5250 6056,,thepaddockcafe,cafe,Australia,ChIJWdx-ByE_1GoRuJXijuFVCJw,-38.2609608,144.5095105
The Rogue Rennard,the-rogue-rennard,106A Latrobe Terrace,Paddington,Paddington,QLD,AUSTRALIA,4064,(07) 3073 3986,http://remys.com.au/,remysbne,"cafe,stockist",Australia,ChIJIV_QXbNQkWsRnAkr25iWt-o,-27.4591963,152.9975271
The Waffle Press,the-waffle-press,174 Bridge Rd,Richmond,Richmond,VIC,AUSTRALIA,3121,0419 184 123,https://www.facebook.com/thewafflepressrichmond/,thewafflepress.melb,"cafe,stockist",Australia,ChIJo-F5mvFC1moRr1H1RBqpty0,-37.8184218,144.9963135
Tom Phat,tom-phat,182-184 Sydney Rd,Brunswick,Brunswick,VIC,AUSTRALIA,3056,(03) 9381 2374,http://www.tomphat.com/,tom_phat,cafe,Australia,ChIJhYtFtEpD1moRvGTz2zQPlNg,-37.7736513,144.9611868
Total Rush Cafe,total-rush-cafe,Cnr Punt Rd and Stewart St,Melbourne,Melbourne,VIC,AUSTRALIA,3121,(03) 9421 0070,http://www.totalrush.com.au/,,cafe,Australia,ChIJR90Oe5NC1moR_8Yc2U6g5Uk,-37.8234306,144.9891008
True North,true-north,2A Munro St,Coburg,Coburg,VIC,AUSTRALIA,3058,(03) 9917 2262,https://www.truenortharcher.com/,truenorth3058,"cafe,stockist",Australia,ChIJMYIuxLNE1moR8h8YvwyLKqM,-37.7448114,144.9657145
Victorian College For the Deaf,victorian-college-for-the-deaf,597 St Kilda Rd,St Kilda,St Kilda,VIC,AUSTRALIA,3008,(03) 9510 1706,http://www.vcd.vic.edu.au/,,cafe,Australia,ChIJYa0FMhZo1moR46ouD5XPJ-8,-37.8496876,144.9820208
Vintage Kiss xo,vintage-kiss-xo,4 Anzac Ave,Marian,Marian,QLD,AUSTRALIA,4741,0474 328 253,http://www.facebook.com/vintagekissbaravan,vintagekissbaravan,cafe,Australia,ChIJc4lJWgAv2msRXlPxCgytCuo,-21.1363373,148.9638514
Wilderness Bar,wilderness-bar,"Shop 1, 2-4 Ebert Parade",Lawnton,Lawnton,QLD,AUSTRALIA,4501,0414 613 839,,wildernessbar_,"cafe,stockist",Australia,ChIJwWLEO538k2sR2ztfVEklvc4,-27.2825914,152.980405
Workshop,workshop,"Level 1, 413-417 Elizabeth St",Melbourne,Melbourne,VIC,AUSTRALIA,3000,(03) 9326 4365,http://www.workshopbar.com.au/,workshop_bar_melbourne,cafe,Australia,ChIJo8BJ0TRd1moR1wIOKOsrCWU,-37.8091894,144.9605565
Mister Crunch,mister-crunch,223 Yarra St,South Geelong,South Geelong,VIC,AUSTRALIA,3220,0408 442 322,https://www.facebook.com/mistercrunch01/,mister_crunch,cafe,Australia,ChIJl2oC7HkV1GoRVngFsDhYWoY,-38.1591404,144.3584181
Essence Food Co,essence-food-co,8 Merlot Grove,Sunbury,Sunbury,VIC,AUSTRALIA,3429,(03) 8716 0857,http://www.essencefoodco.com.au/,,cafe,Australia,ChIJDxvgavn41moRZhAh1UoHR1M,-37.567652,144.7481074
Upsy Daisy,upsy-daisy,1062 Glen Huntly Rd,Glen Huntly,Glen Huntly,VIC,AUSTRALIA,3163,(03) 9571 0050,,upsydaisy3163,cafe,Australia,ChIJ8RApUZtp1moRHypa4wKfuPg,-37.889057,145.037769
Trentham General,trentham-general,37a High St,Trentham,Trentham,VIC,AUSTRALIA,3458,0456 143 193,https://www.facebook.com/TrenthamGeneral-196011944539936/,trentham.general,cafe,Australia,ChIJ61oUaoDb1moRL1ADbLCCcMc,-37.3889846,144.322299
Rriot House,rriot-house,276 Nicholson St,Fitzroy,Fitzroy,VIC,AUSTRALIA,3065,(03) 9416 4768,https://ohjeanrecords.com/,rriot_house,"cafe,stockist",Australia,ChIJDbsmDCdD1moRflhgXuQhiTA,-37.7966245,144.9753496
Hey Joe Espresso Bar,hey-joe-espresso-bar,43 Otho St,Inverell,Inverell,NSW,AUSTRALIA,2360,0478 608 406,http://www.facebook.com/heyjoe.espressobar,heyjoe.espressobar,"cafe,stockist",Australia,ChIJ7buXLPT3oWsRXe2H_Q4Vdks,-29.7748142,151.1118534
Merriweather Cafe ,merriweather-cafe,27 Russell St,South Brisbane,South Brisbane,QLD,AUSTRALIA,4101,07 3844 3609,,merriweathercaf,cafe,Australia,ChIJ5TihkwlakWsRqMB-mG_h1c8,-27.4771245,153.01635
Knead,knead,"Shop 18, Belconnen Fresh Food Market",Belconnen,Canberra,ACT,AUSTRALIA,2617,=+61 2 6162 3200,https://www.facebook.com/KneadPatisserieCanberra/,kneadpatisserie.cbr,cafe,Australia,ChIJHw_fDHytF2sRT4iFqf2Ujh8,-35.245479,149.064723
Middle Ground,middle-ground,Globe Lane,Wollongong,,NSW,AUSTRALIA,2500,,,middlegroundcoffeehouse,cafe,Australia,,-34.425505,150.893818
Paramount Recreation Club,paramount-recreation-club,"Level 2, 80 Commonwealth St",Surry Hills,Surry Hills,NSW,AUSTRALIA,2010,(02) 9211 1018,http://www.paramountrecreation.club/,paramountrecclub,cafe,Australia,ChIJsZJL9heuEmsRPCzZi9lB79w,-33.8793612,151.2110565
Le Croissant,le-croissant,1204 Toorak Rd,Camberwell,Camberwell,VIC,AUSTRALIA,3124,(03) 9809 2263,http://lecroissant.com.au/,,cafe,Australia,ChIJD2rKorlB1moR5ZWspOmffYQ,-37.84881,145.080353
Knead,knead,Unit 55 65 Constitution Avenue,Campbell,Campbell,ACT,AUSTRALIA,2612,0422 159 633,https://m.facebook.com/KneadPatisserieCanberra,kneadpatisserie.cbr,"cafe,stockist",Australia,ChIJ1S88uXBNFmsR7IJ-9XZqzS4,-35.291031,149.144599
Peppercorn,peppercorn,68 High St,Northcote,Northcote,VIC,AUSTRALIA,3070,0401 312 120,https://peppercorn-northcote.business.site/,peppercornnorthcote,cafe,Australia,ChIJ-40owpJD1moR1436vUg7qcM,-37.78061539999999,144.9969383
Yellow Bird Cafe,yellow-bird-cafe,122 Chapel St,Windsor,Windsor,VIC,AUSTRALIA,3181,(03) 9533 8983,http://www.yellowbird.com.au/,yellowbirdcafe,"cafe,stockist",Australia,ChIJMWQmaTpo1moRImVSbVM5cUE,-37.853947,144.9931806
Pho Queue,pho-queue,9 Cracknell Road,Annerley,Annerley,QLD,AUSTRALIA,4103,(07) 3195 6915,http://phoqueue.com.au/,phoqueuepdk,cafe,Australia,ChIJD97rLo5akWsRVFi6B-2sCng,-27.5185627,153.0298915
Mi Casa Le Cafe,mi-casa-le-cafe,"Unit 4, 3245 Logan Road",Underwoood,Underwoood,QLD,AUSTRALIA,4119,0478 514 300,https://www.facebook.com/micasacafeunderwood/,,cafe,Australia,ChIJKaCoHn9DkWsRf0YfFyp-EJQ,-27.6097626,153.1131068
Arlo Brighton,arlo-brighton,"Shop 2, Railway Walk",Brighton,Brighton,VIC,AUSTRALIA,3186,0411 758 385,,,cafe,Australia,ChIJ-V-7Hr5p1moRAlznZL2QP3E,-37.9151651,144.9966373
Loading Bay,loading-bay,"Rear Laneway, 106 Edward St",Brisbane,Brisbane,QLD,AUSTRALIA,4000,(07) 3229 6755,https://rixonhair.com.au/,,cafe,Australia,ChIJvXz8PR1akWsRT_8_Hjk46Jg,-27.4704754,153.0286242
Queenside,queenside,"Shop 1, 727 New Canterbury Road",Dulwich Hill,Dulwich Hill,NSW,AUSTRALIA,2203,0434 685 002,http://www.queensidedulwichhill.com/,queenside_dulwichhill,cafe,Australia,ChIJacollpS7EmsR9McLPnT8_hw,-33.9050849,151.1335951
Transform Health,transform-health,251 Oxford Street,Darlinghurst,Darlinghurst,NSW,AUSTRALIA,2010,0409 713 959,http://www.transformhealth.com.au/,transformhealthdeli,cafe,Australia,ChIJP3MjIJ-tEmsRAE92qmO8uMI,-33.8816273,151.21859
Manny's Italian,manny-s-italian,3/391 Marn Road,Wellington Point,Wellington Point,QLD,AUSTRALIA,4160,(07) 3134 2855,http://www.mannysitalian.com.au/,mannysitalian,cafe,Australia,ChIJiZAXVN1gkWsR5ETtnGUFsjY,-27.4866864,153.2388899
Bakehouse Steakhouse,bakehouse-steakhouse,Crn Darling and West Street,Woodend,Woodend,QLD,AUSTRALIA,4305,(07) 3281 8132,https://www.bakehousesteakhouse.com/,bakehousesteakhouse,cafe,Australia,ChIJc0G0L_a1lmsRjjuQs6uKdXI,-27.6130758,152.7570909
Daniel Son,daniel-son,471-473 Neerim Rd,Murrumbeena,Murrumbeena,VIC,AUSTRALIA,3163,0497 690 628,http://www.danielsoncafe.com.au/,danielson_melb,"cafe,stockist",Australia,ChIJFZe0NDlq1moRcxRhScln5-4,-37.889973,145.0675514
Neesh,neesh,896 Stanley Street,East Brisbane,Brisbane,QLD,AUSTRALIA,4169,,https://www.facebook.com/neeshbar/?ref=py_c,,cafe,Australia,ChIJ7XRPoT9akWsRGss4SkeHHA0,-27.487015,153.040888
The Milk Bar Coffee Co,the-milk-bar-coffee-co,1/68 Sixth Avenue,Maroochydore,Maroochydore,QLD,AUSTRALIA,4558,0423 124 921,https://m.facebook.com/Themilkbarcoffeeco/,themilkbarcoffeeco,"cafe,stockist",Australia,ChIJU1h1Gnx2k2sRS2Smj6Wi_to,-26.65787,153.1020414
Groundhog Social,groundhog-social,443 Esplanade,Manly,Brisbane,QLD,AUSTRALIA,4179,,https://www.facebook.com/Groundhog-Social-105604260835183/,groundhogsocial,cafe,Australia,ChIJpYvUrsxfkWsR3UQNwlqErLU,-27.452948,153.186724
Sweet Talk,sweet-talk,"2/203 Margret Street,",Toowoomba,Toowoomba,QLD,AUSTRALIA,4350,0423 203 726,http://sweettalkcoffee.com.au/,sweettalkcoffee,"cafe,stockist",Australia,ChIJq6p-Z2pclmsRkDJ3M0tjLcU,-27.5609457,151.9545186
Snack Man Restaurant,snack-man-restaurant,"Shop 6, 826 Ann Street",Fortitude Valley,Fortitude Valley,QLD,AUSTRALIA,4006,(07) 3252 1015,http://www.blendedhealthbar.com.au/,,cafe,Australia,ChIJg4xiWLhZkWsRYTuM65x78JM,-27.4549539,153.0379379
Peckish,peckish,14 Station Road,Cheltenham,Cheltenham,VIC,AUSTRALIA,3192,0407 895 796,,peckishcheltenham,cafe,Australia,ChIJ1XUhGC9s1moRKr3uXDkecBk,-37.967263,145.056338
Butter &amp; Co,butter-co,316 Pakington Street,Newton,Newton,VIC,AUSTRALIA,3220,0403 612 993,,butter_and_co,"cafe,stockist",Australia,ChIJ_9QynPUT1GoR-2MoTmkHBUE,-38.1555991,144.3456892
Commodity Cafe,commodity-cafe,441 St Kilda Road,St Kilda,St Kilda,,AUSTRALIA,3004,(03) 9867 1483,http://www.commoditycafe.com.au/,https:commoditycafe.com.aumenu,"cafe,stockist",Australia,ChIJRQqLFxxo1moRHmwKhOoadbQ,-37.839535,144.9776624
Wild Cherry Coffee Bar,wild-cherry-coffee-bar,13/1221 Christine Ave,Varsity Lakes,Varsity Lakes,QLD,AUSTRALIA,4227,(07) 5535 1816,https://www.wildcherrycoffee.com.au/,wildcherrycoffee,cafe,Australia,ChIJzYlQtrcDkWsRCgvZs07gIXg,-28.0763268,153.4438756
Fitbox Superfood Cafe Pty Ltd,fitbox-superfood-cafe-pty-ltd,331 Montague Road,West End,West End,QLD,AUSTRALIA,4060,0418 879 271,,https:www.facebook.compgfitboxcafeabout,cafe,Australia,ChIJFxpXF5hQkWsRya4U5DulRdQ,-27.4819427,153.0037785
Cremorne Garden Cafe,cremorne-garden-cafe,4-6 Cubbitt Street,Cremorne,Cremorne,VIC,AUSTRALIA,3121,(03) 9943 4122,http://www.sloaneranger.com.au/,fitboxcafe,cafe,Australia,ChIJgwc3ypNC1moRTvTR1vmBekA,-37.825999,144.992734
Sonder Espresso,sonder-espresso,"Oceanside Secure Parking, 3/3 Eccles Blv",Birtinya,Birtinya,QLD,AUSTRALIA,4575,1300 727 483,https://www.facebook.com/Sonder-Espresso-129522037732688/,,"cafe,stockist",Australia,ChIJr3BeuIaek2sRSj2HW01Z1A0,-26.7471279,153.115247
Rise Mofo,rise-mofo,3/327 Main Road,Toukley,Toukley,NSW,AUSTRALIA,2263,0481 262 881,,risemofo,"cafe,stockist",Australia,ChIJU5vqDlDacmsR6q-wupc-1TE,-33.2668935,151.5493959
Bean Squeeze - Thompson Rd,bean-squeeze-thompson-rd,284 Thompson Rd,North Geelong,North Geelong,VIC,AUSTRALIA,3216,(03) 5278 1834,https://www.beansqueeze.com/,beansqueeze,cafe,Australia,ChIJF_W_6xwR1GoR11hjrIw6MWQ,-38.107329,144.344405
A Cafe Called John,a-cafe-called-john,28 Leicester Street,Carlton,Carlton,VIC,AUSTRALIA,3053,(03) 9191 3811,,acafecalledjohn,cafe,Australia,ChIJFcQr1hJd1moRFisxD-zGSUc,-37.8057644,144.9604436
Mr Morce,mr-morce,183 Ocean Beach Rd,Sorrento,Sorrento,VIC,AUSTRALIA,3943,(03) 5984 1838,http://www.mrmorce.com.au/,mrmorce,cafe,Australia,ChIJZcFpX4M11GoR5NtSz0OF_1A,-38.3412528,144.7353307
Bossy Boots 2.1,bossy-boots-2-1,7 Centre Rd,Brighton East,Brighton East,VIC,AUSTRALIA,3187,,,bossybootscafe,cafe,Australia,ChIJA5PZ-Chp1moRNLjTUT1H2js,-37.914623,145.008243
Newham General Store,newham-general-store,2 Dons Road,Newham,Newham,VIC,AUSTRALIA,3442,(03) 5427 0766,http://newhamgeneralstore.com.au/,newhamgeneralstore,cafe,Australia,ChIJX1VPUz8b12oR7QhIBSxss6Q,-37.3113241,144.5930072
Chestnutt Grove,chestnutt-grove,132 Snell Grove,Oak Park,Oak Park,VIC,AUSTRALIA,3046,0413 722 618,https://www.facebook.com/chestnuttgrove/,,cafe,Australia,ChIJf467zipb1moRGJ5Zaug1Aqg,-37.717702,144.921978
The Basement Cafe,the-basement-cafe,Shop 43 350 La Trobe St,Melbourne,Melbourne,VIC,AUSTRALIA,3000,(03) 9329 8000,http://thebasementcafe.com.au/,basementcafe,cafe,Australia,ChIJ7VqbZTVd1moRUnjQ6wX-cP4,-37.8106785,144.9592774
Raaww Cafe,raaww-cafe,26 Sydney St,Kilmore,Kilmore,VIC,AUSTRALIA,3764,(03) 5781 1828,http://www.wallders.com.au/,raawwcafe,cafe,Australia,ChIJj0jNIFCj12oRMPrHRvjKluU,-37.2933953,144.9515872
Tre Bicchieri,tre-bicchieri,623 Rathdowne Street,North Carlton,North Carlton,VIC,AUSTRALIA,3054,0418 951 755,https://www.facebook.com/Tre-Bicchieri-151186834917725/?fref=nf,trebicchieri,"cafe,stockist",Australia,ChIJuQTXbi9D1moRaL8WtxJK_OE,-37.7905264,144.9714391
GoTAFE,gotafe,27 Docker Street,Wangaratta,Wangaratta,VIC,AUSTRALIA,3677,1300 468 233,http://www.gotafe.vic.edu.au/,gotafe,cafe,Australia,ChIJtz_2ornbJmsR6x13nDcrV4w,-36.3546888,146.3193824
Ghosty Toasty,ghosty-toasty,35 View Street,Bendigo,Bendigo,VIC,AUSTRALIA,3550,0412 943 413,http://www.ghostytoasty.com.au/,ghostytoastydiner,"cafe,stockist",Australia,ChIJO2VDmeJZ12oRJVct3RMYhLM,-36.7588796,144.2773659
Theodore's,theodore-s,4 Saxon Street,Brunswick,Brunswick,VIC,AUSTRALIA,3056,(03) 9380 2446,http://theodor.es/,theodor.es_,cafe,Australia,ChIJJeiD50Rd1moRtkryiJZPpx4,-37.7731384,144.9604089
Halls Gap Hotel,halls-gap-hotel,2262 Grampians Rd,Halls Gap,Halls Gap,VIC,AUSTRALIA,3381,(03) 5356 4566,http://www.hallsgaphotel.com.au/,hallsgaphotel,cafe,Australia,ChIJifzkNlgFzmoRVkm8RbU4bCw,-37.1302934,142.5345815
Bay Grocer,bay-grocer,63 Tennyson St,Byron Bay,Byron Bay,NSW,AUSTRALIA,2481,(02) 5605 8407,http://www.baygrocer.com/,baygrocer,stockist,Australia,ChIJ98nFarNjkGsRMmlrCkz67RI,-28.6505814,153.6152396
Coffee Supreme Shibuya,coffee-supreme-shibuya,42-3-1F Kamiyama-cho,Shibuya,Tokyo,,Japan,150-0047,03-5738-7246,https://www.coffeesupreme.com/,coffee_supreme_jpn,"cafe,stockist",JAPAN,ChIJAcCIX62MGGARGEilMb3hpkQ,35.665717,139.692721
Book and Bed Shinjuku,bookandbed-shinjuku,"8F Kabukicho APM building, 1-27-5 Kabuki-cho",Shinjuku,Tokyo,,Japan,160-0021,03-6233-9511,http://bookandbedtokyo.com/,bookandbedtokyo,cafe,JAPAN,ChIJfSeu7deMGGARRybLRmUjGIw,35.695523,139.701153
Book and Bed Asakusa,bookandbed-asakusa,"6F Pagoda Asakusa, 2-16-9 Kaminari-mon",Taito-ku,Tokyo,,Japan,111-0034,03-6231-6893,http://bookandbedtokyo.com/,bookandbedtokyo,cafe,JAPAN,ChIJSZPePGePGGARtFVVtrxy9ww,35.710989,139.795466
Book and Bed Shinsaibashi,bookandbed-shinsaibashi,"3F Unagida-square, 1-19-11 Higashi-shinsaibashi, Chuo-ku",Osaka-shi,Osaka,,Japan,542-0083,,http://bookandbedtokyo.com/,bookandbedtokyo,cafe,JAPAN,ChIJ73K46mznAGARgjgPXYM0QTQ,34.676268,135.50537
Kent Coffee,kent-coffee,"1-100, Minatomachi",Ichikikushino-shi,Kagoshima,,Japan,899-2101,,https://ichiki.onsen.center/archives/155,kent_coffee_,"cafe,stockist",JAPAN,,31.694876,130.28847
Callies,callies,"5-5-48 Aoinishi, Naka-ku",Hamamatsu-shi,Shizuoka,,Japan,433-8111,053-543-6770,,callies_sandwich,"cafe,stockist",JAPAN,,34.777416,137.70562
Stork Mei,stork-mei,2-3-22 Dou-machi,Yamagata-shi,Yamagata,,Japan,990-0052,	023-615-0403 ,https://stork-hair.com/,mei.yamagata,stockist,JAPAN,,38.270011,140.343966
Stork,stork,4-5 Ennouji-machi,Yamagata-shi,Yamagata,,Japan,990-0052,023-609-9531,https://stork-hair.com/,stork.yamagata,stockist,JAPAN,,38.265754,140.342863
Stayful Life Store,stayful-coffee,"002 Kichijo-ji GALAXY III, 1-16-1 Shimorenjyaku",Mitaka,Tokyo,,Japan,181-0013,0422-24-8744,,,"cafe,stockist",JAPAN,,35.698436,139.570057
The Life,the-life,"1F Dai-ichi prince building, 8-13 gion-machi, Hakata-ku",Fukuoka-shi,Fukuoka,,Japan,812-0038,092-292-1070,https://thelife-hostel.com/,"thelife_hostel
",cafe,JAPAN,,33.591527,130.411405
Papier Tigre,papier-tigre,"3-10-4-1F Hama-machi, Nihonbashi",Chuo-ku,Tokyo,,Japan,103-0007,03-6875-0431,https://papiertigre.jp/,papiertigram_tokyo,cafe,JAPAN,,35.684629,139.788572
Ruokala Kissa,ruokala-kissa,1-4-10 Nakadori,Kure-shi,Hiroshima,,Japan,737-0046,0823-25-2137,https://ruokalakissa.com/,ruokala_kissa,cafe,JAPAN,,34.243727,132.563444